PlayerName,CourseName,LayoutName,StartDate,EndDate,Total,+/-,RoundRating,Hole1,Hole2,Hole3,Hole4,Hole5,Hole6,Hole7,Hole8,Hole9,Hole10,Hole11,Hole12,Hole13,Hole14,Hole15,Hole16,Hole17,Hole18
Par,Weston Park Disc Golf Course,White Tees ,2025-04-11 2125,2025-04-11 2304,59,,,3,3,3,3,4,3,3,4,4,3,4,3,3,3,3,3,3,4
ArmyGeddon,Weston Park Disc Golf Course,White Tees ,2025-04-11 2125,2025-04-11 2304,60,1,176,3,3,3,3,6,3,2,4,4,2,3,3,4,3,5,3,2,4
Jobby,Weston Park Disc Golf Course,White Tees ,2025-04-11 2125,2025-04-11 2304,60,1,176,3,3,3,3,5,3,2,4,4,3,4,4,3,3,3,2,3,5
Par,John Knight Memorial Park,Public Layout (A-Pin Position),2025-04-06 0640,2025-04-06 0749,56,,,3,3,3,3,3,3,4,3,3,3,3,3,3,3,3,4,3,3
ArmyGeddon,John Knight Memorial Park,Public Layout (A-Pin Position),2025-04-06 0640,2025-04-06 0749,51,-5,178,3,3,3,3,3,2,3,2,2,3,4,3,2,3,3,4,3,2
Jobby,John Knight Memorial Park,Public Layout (A-Pin Position),2025-04-06 0640,2025-04-06 0749,53,-3,169,3,2,3,1,2,3,4,3,3,3,2,3,3,3,3,4,5,3
Youare22,John Knight Memorial Park,Public Layout (A-Pin Position),2025-04-06 0640,2025-04-06 0749,66,10,116,3,4,4,3,3,3,4,3,4,4,4,5,2,4,3,5,5,3
Par,John Knight Memorial Park,Public Layout (A-Pin Position),2025-04-05 0511,2025-04-05 0616,56,,,3,3,3,3,3,3,4,3,3,3,3,3,3,3,3,4,3,3
ArmyGeddon,John Knight Memorial Park,Public Layout (A-Pin Position),2025-04-05 0511,2025-04-05 0616,53,-3,169,3,3,2,2,2,2,4,3,2,3,3,4,3,3,3,3,5,3
Jobby,John Knight Memorial Park,Public Layout (A-Pin Position),2025-04-05 0511,2025-04-05 0616,52,-4,174,3,3,3,2,3,2,3,3,3,3,3,3,2,3,3,4,3,3
Miza,John Knight Memorial Park,Public Layout (A-Pin Position),2025-04-05 0511,2025-04-05 0616,56,0,156,3,2,3,3,3,3,4,3,3,3,3,3,3,3,4,3,3,4
Par,John Knight Memorial Park,Public Layout (A-Pin Position),2025-04-04 2020,2025-04-04 2130,56,,,3,3,3,3,3,3,4,3,3,3,3,3,3,3,3,4,3,3
ArmyGeddon,John Knight Memorial Park,Public Layout (A-Pin Position),2025-04-04 2020,2025-04-04 2130,49,-7,188,2,2,3,3,3,3,3,2,3,3,3,3,3,2,2,3,3,3
Jobby,John Knight Memorial Park,Public Layout (A-Pin Position),2025-04-04 2020,2025-04-04 2130,51,-5,178,4,3,3,3,2,4,3,3,1,2,3,3,2,2,2,3,4,4
Par,John Knight Memorial Park,Public Layout (A-Pin Position),2025-03-29 2131,2025-03-29 2229,56,,,3,3,3,3,3,3,4,3,3,3,3,3,3,3,3,4,3,3
ArmyGeddon,John Knight Memorial Park,Public Layout (A-Pin Position),2025-03-29 2131,2025-03-29 2229,55,-1,160,4,3,3,3,3,3,3,3,3,3,4,3,3,3,2,3,4,2
Jobby,John Knight Memorial Park,Public Layout (A-Pin Position),2025-03-29 2131,2025-03-29 2229,55,-1,160,3,3,3,3,3,3,4,3,3,3,3,3,3,3,3,4,3,2
Par,John Knight Memorial Park,Public Layout (A-Pin Position),2025-03-28 2107,2025-03-28 2225,56,,,3,3,3,3,3,3,4,3,3,3,3,3,3,3,3,4,3,3
ArmyGeddon,John Knight Memorial Park,Public Layout (A-Pin Position),2025-03-28 2107,2025-03-28 2225,53,-3,169,3,2,2,2,3,2,3,2,2,4,3,3,3,4,4,4,4,3
Jobby,John Knight Memorial Park,Public Layout (A-Pin Position),2025-03-28 2107,2025-03-28 2225,55,-1,160,4,2,3,2,3,2,4,2,3,3,3,3,4,4,3,4,3,3
Par,Gold Creek School Disc Golf Course,Gold Creek School Disc Golf Course,2025-03-27 0640,2025-03-27 0745,55,,,3,3,3,3,3,3,3,3,3,3,3,3,3,4,3,3,3,3
ArmyGeddon,Gold Creek School Disc Golf Course,Gold Creek School Disc Golf Course,2025-03-27 0640,2025-03-27 0745,53,-2,170,3,3,3,3,3,3,3,3,3,3,3,3,2,4,3,3,3,2
Jobby,Gold Creek School Disc Golf Course,Gold Creek School Disc Golf Course,2025-03-27 0640,2025-03-27 0745,60,5,140,3,3,3,3,4,3,4,3,3,5,3,3,3,4,3,3,4,3
Par,Eddison Park,2019 Blue Tees,2025-03-21 2046,2025-03-21 2239,62,,,3,3,4,3,3,3,3,3,3,4,5,3,4,4,3,4,3,4
ArmyGeddon,Eddison Park,2019 Blue Tees,2025-03-21 2046,2025-03-21 2239,67,5,169,3,3,4,3,3,3,3,4,4,5,6,3,4,4,4,4,3,4
Jobby,Eddison Park,2019 Blue Tees,2025-03-21 2046,2025-03-21 2239,71,9,152,3,3,6,3,3,3,4,4,3,5,6,3,5,5,3,5,3,4
Bucis,Eddison Park,2019 Blue Tees,2025-03-21 2046,2025-03-21 2239,77,15,129,3,4,6,3,4,4,4,4,3,5,8,4,4,6,3,4,3,5
Youare22,Eddison Park,2019 Blue Tees,2025-03-21 2046,2025-03-21 2239,92,30,82,4,4,6,4,6,4,5,3,5,6,8,3,5,6,3,6,6,8
Par,Gold Creek School Disc Golf Course,Gold Creek School Disc Golf Course,2025-03-21 0529,2025-03-21 0619,55,,,3,3,3,3,3,3,3,3,3,3,3,3,3,4,3,3,3,3
ArmyGeddon,Gold Creek School Disc Golf Course,Gold Creek School Disc Golf Course,2025-03-21 0529,2025-03-21 0619,54,-1,166,3,3,3,2,3,2,3,3,3,4,3,3,3,5,3,3,3,2
Jobby,Gold Creek School Disc Golf Course,Gold Creek School Disc Golf Course,2025-03-21 0529,2025-03-21 0619,57,2,153,3,3,3,3,3,3,4,3,3,2,3,3,3,6,4,2,3,3
Par,John Knight Memorial Park,Public Layout (A-Pin Position),2025-03-19 0652,2025-03-19 0748,56,,,3,3,3,3,3,3,4,3,3,3,3,3,3,3,3,4,3,3
ArmyGeddon,John Knight Memorial Park,Public Layout (A-Pin Position),2025-03-19 0652,2025-03-19 0748,52,-4,174,2,3,3,3,3,2,3,2,2,4,2,3,3,4,3,4,4,2
Bec,John Knight Memorial Park,Public Layout (A-Pin Position),2025-03-19 0652,2025-03-19 0748,70,14,103,3,3,3,5,6,4,4,3,3,4,4,3,4,4,4,5,4,4
Par,John Knight Memorial Park,Public Layout (A-Pin Position),2025-03-18 0704,2025-03-18 0800,56,,,3,3,3,3,3,3,4,3,3,3,3,3,3,3,3,4,3,3
ArmyGeddon,John Knight Memorial Park,Public Layout (A-Pin Position),2025-03-18 0704,2025-03-18 0800,51,-5,178,2,2,3,4,2,3,4,2,2,3,3,2,3,3,3,4,3,3
Jobby,John Knight Memorial Park,Public Layout (A-Pin Position),2025-03-18 0704,2025-03-18 0800,55,-1,160,3,3,2,3,3,3,5,3,3,3,3,2,3,3,3,3,4,3
Par,John Knight Memorial Park,Public Layout (A-Pin Position),2025-03-17 2200,2025-03-17 2239,56,,,3,3,3,3,3,3,4,3,3,3,3,3,3,3,3,4,3,3
ArmyGeddon,John Knight Memorial Park,Public Layout (A-Pin Position),2025-03-17 2200,2025-03-17 2239,55,-1,160,4,3,3,2,2,2,3,3,3,3,3,3,3,4,4,4,3,3
Par,John Knight Memorial Park,Public Layout (A-Pin Position),2025-03-15 0617,2025-03-15 0618,56,,,3,3,3,3,3,3,4,3,3,3,3,3,3,3,3,4,3,3
Jobby,John Knight Memorial Park,Public Layout (A-Pin Position),2025-03-15 0617,2025-03-15 0618,51,-5,178,3,3,3,2,2,2,3,3,3,3,2,3,3,3,3,4,3,3
Par,Stony Creek Reserve,Combined Full 18,2025-03-14 2244,2025-03-15 0003,57,,,3,3,3,4,3,3,3,3,3,3,3,3,4,4,3,3,3,3
ArmyGeddon,Stony Creek Reserve,Combined Full 18,2025-03-14 2244,2025-03-15 0003,55,-2,190,3,3,3,3,3,2,3,4,3,3,3,3,4,3,3,3,4,2
Par,Eddison Park,2019 Blue Tees,2025-03-09 2052,2025-03-09 2223,62,,,3,3,4,3,3,3,3,3,3,4,5,3,4,4,3,4,3,4
ArmyGeddon,Eddison Park,2019 Blue Tees,2025-03-09 2052,2025-03-09 2223,64,2,183,4,3,3,3,4,3,2,3,3,4,6,2,5,4,3,4,3,5
Jobby,Eddison Park,2019 Blue Tees,2025-03-09 2052,2025-03-09 2223,71,9,152,3,3,4,4,4,3,3,3,4,5,6,3,5,4,3,5,3,6
Par,Eddison Park,2019 Blue Tees,2025-03-09 0129,2025-03-09 0245,62,,,3,3,4,3,3,3,3,3,3,4,5,3,4,4,3,4,3,4
ArmyGeddon,Eddison Park,2019 Blue Tees,2025-03-09 0129,2025-03-09 0245,68,6,165,3,2,5,3,3,3,4,3,3,6,6,5,4,4,3,4,3,4
Jobby,Eddison Park,2019 Blue Tees,2025-03-09 0129,2025-03-09 0245,72,10,148,2,2,5,3,4,4,4,4,3,4,6,3,5,5,4,5,4,5
Par,Eddison Park,2019 Blue Tees,2025-03-07 2048,2025-03-07 2232,62,,,3,3,4,3,3,3,3,3,3,4,5,3,4,4,3,4,3,4
ArmyGeddon,Eddison Park,2019 Blue Tees,2025-03-07 2048,2025-03-07 2232,66,4,174,3,3,5,3,3,3,3,3,4,5,6,2,4,5,3,4,4,3
Jobby,Eddison Park,2019 Blue Tees,2025-03-07 2048,2025-03-07 2232,71,9,152,3,3,4,3,4,3,4,4,3,4,6,4,5,4,3,5,3,6
Miza,Eddison Park,2019 Blue Tees,2025-03-07 2048,2025-03-07 2232,68,6,165,3,3,4,3,4,3,3,3,3,5,5,4,5,4,4,5,3,4
Par,John Knight Memorial Park,Public Layout (A-Pin Position),2025-03-07 0602,2025-03-07 0654,56,,,3,3,3,3,3,3,4,3,3,3,3,3,3,3,3,4,3,3
ArmyGeddon,John Knight Memorial Park,Public Layout (A-Pin Position),2025-03-07 0602,2025-03-07 0654,52,-4,174,3,2,2,3,3,3,4,2,3,3,3,3,3,3,2,4,3,3
Jobby,John Knight Memorial Park,Public Layout (A-Pin Position),2025-03-07 0602,2025-03-07 0654,52,-4,174,3,2,3,3,3,3,4,3,2,3,3,3,2,3,2,4,3,3
Par,John Knight Memorial Park,Public Layout (A-Pin Position),2025-03-05 0752,2025-03-05 0857,56,,,3,3,3,3,3,3,4,3,3,3,3,3,3,3,3,4,3,3
ArmyGeddon,John Knight Memorial Park,Public Layout (A-Pin Position),2025-03-05 0752,2025-03-05 0857,56,0,156,2,3,3,3,3,3,3,2,4,3,4,3,3,4,3,4,3,3
Jobby,John Knight Memorial Park,Public Layout (A-Pin Position),2025-03-05 0752,2025-03-05 0857,52,-4,174,3,3,2,3,3,3,3,3,3,3,4,3,3,3,1,4,3,2
Par,John Knight Memorial Park,Public Layout (A-Pin Position),2025-03-02 0642,2025-03-02 0731,56,,,3,3,3,3,3,3,4,3,3,3,3,3,3,3,3,4,3,3
ArmyGeddon,John Knight Memorial Park,Public Layout (A-Pin Position),2025-03-02 0642,2025-03-02 0731,55,-1,160,3,3,3,3,2,3,3,3,3,3,3,3,3,4,3,4,3,3
Bec,John Knight Memorial Park,Public Layout (A-Pin Position),2025-03-02 0642,2025-03-02 0731,67,11,113,3,3,3,3,4,3,5,4,3,4,4,4,3,4,3,5,5,4
Par,Eddison Park,2019 Blue Tees,2025-02-28 2033,2025-02-28 2249,62,,,3,3,4,3,3,3,3,3,3,4,5,3,4,4,3,4,3,4
Jobby,Eddison Park,2019 Blue Tees,2025-02-28 2033,2025-02-28 2249,75,13,136,3,4,5,4,3,3,4,3,3,7,6,3,7,4,3,4,5,4
ArmyGeddon,Eddison Park,2019 Blue Tees,2025-02-28 2033,2025-02-28 2249,69,7,161,3,3,4,4,3,3,3,4,4,4,6,3,4,4,5,4,3,5
Youare22,Eddison Park,2019 Blue Tees,2025-02-28 2033,2025-02-28 2249,99,37,66,5,5,6,5,5,5,5,6,5,6,8,4,7,5,4,6,5,7
Par,John Knight Memorial Park,Public Layout (A-Pin Position),2025-02-28 0636,2025-02-28 0750,56,,,3,3,3,3,3,3,4,3,3,3,3,3,3,3,3,4,3,3
ArmyGeddon,John Knight Memorial Park,Public Layout (A-Pin Position),2025-02-28 0636,2025-02-28 0750,52,-4,174,2,2,3,3,3,2,4,2,3,2,3,2,4,3,3,4,5,2
Jobby,John Knight Memorial Park,Public Layout (A-Pin Position),2025-02-28 0636,2025-02-28 0750,50,-6,183,2,2,3,3,3,3,4,2,2,4,2,2,3,3,3,3,3,3
Par,John Knight Memorial Park,Public Layout (A-Pin Position),2025-02-23 0628,2025-02-23 0733,56,,,3,3,3,3,3,3,4,3,3,3,3,3,3,3,3,4,3,3
Jobby,John Knight Memorial Park,Public Layout (A-Pin Position),2025-02-23 0628,2025-02-23 0733,54,-2,165,3,2,3,3,2,3,3,3,3,3,3,2,2,4,3,4,4,4
ArmyGeddon,John Knight Memorial Park,Public Layout (A-Pin Position),2025-02-23 0628,2025-02-23 0733,51,-5,178,3,2,2,3,3,2,3,3,3,2,2,3,3,3,3,3,5,3
Par,Weston Park Disc Golf Course,White Tees ,2025-02-21 2040,2025-02-21 2221,59,,,3,3,3,3,4,3,3,4,4,3,4,3,3,3,3,3,3,4
ArmyGeddon,Weston Park Disc Golf Course,White Tees ,2025-02-21 2040,2025-02-21 2221,59,0,181,4,4,3,3,5,3,2,4,6,4,3,3,3,3,2,2,2,3
Jobby,Weston Park Disc Golf Course,White Tees ,2025-02-21 2040,2025-02-21 2221,63,4,163,3,3,4,3,4,4,3,4,3,5,4,3,3,3,3,3,3,5
Bucis,Weston Park Disc Golf Course,White Tees ,2025-02-21 2040,2025-02-21 2221,68,9,142,3,3,3,3,5,5,2,5,4,4,4,4,4,4,3,3,3,6
Par,Gold Creek School Disc Golf Course,Gold Creek School Disc Golf Course,2025-02-21 0648,2025-02-21 0752,55,,,3,3,3,3,3,3,3,3,3,3,3,3,3,4,3,3,3,3
ArmyGeddon,Gold Creek School Disc Golf Course,Gold Creek School Disc Golf Course,2025-02-21 0648,2025-02-21 0752,54,-1,166,3,3,3,3,3,2,2,3,3,3,3,4,4,5,2,3,3,2
Bucis,Gold Creek School Disc Golf Course,Gold Creek School Disc Golf Course,2025-02-21 0648,2025-02-21 0752,56,1,157,3,4,3,3,3,2,3,3,3,3,4,3,3,4,2,3,3,4
Par,John Knight Memorial Park,Public Layout (A-Pin Position),2025-02-18 0635,2025-02-18 0722,56,,,3,3,3,3,3,3,4,3,3,3,3,3,3,3,3,4,3,3
ArmyGeddon,John Knight Memorial Park,Public Layout (A-Pin Position),2025-02-18 0635,2025-02-18 0722,53,-3,169,3,3,3,3,3,2,3,3,3,3,2,3,3,3,2,3,5,3
Jobby,John Knight Memorial Park,Public Layout (A-Pin Position),2025-02-18 0635,2025-02-18 0722,49,-7,188,2,3,2,3,2,2,3,3,2,2,3,3,3,3,3,4,3,3
Par,John Knight Memorial Park,Public Layout (A-Pin Position),2025-02-17 2321,2025-02-18 0635,56,,,3,3,3,3,3,3,4,3,3,3,3,3,3,3,3,4,3,3
ArmyGeddon,John Knight Memorial Park,Public Layout (A-Pin Position),2025-02-17 2321,2025-02-18 0635,47,-9,198,2,2,2,2,3,2,3,2,3,3,2,3,3,3,2,4,3,3
Jobby,John Knight Memorial Park,Public Layout (A-Pin Position),2025-02-17 2321,2025-02-18 0635,52,-4,174,3,3,3,3,2,4,3,2,2,3,3,2,4,3,2,4,3,3
Par,John Knight Memorial Park,Public Layout (A-Pin Position),2025-02-13 0710,2025-02-13 0801,56,,,3,3,3,3,3,3,4,3,3,3,3,3,3,3,3,4,3,3
ArmyGeddon,John Knight Memorial Park,Public Layout (A-Pin Position),2025-02-13 0710,2025-02-13 0801,52,-4,174,2,2,3,3,3,4,3,3,2,3,3,3,2,3,3,3,4,3
Miza,John Knight Memorial Park,Public Layout (A-Pin Position),2025-02-13 0710,2025-02-13 0801,56,0,156,2,3,3,3,3,3,4,2,4,2,2,3,3,4,3,5,4,3
Par,John Knight Memorial Park,Public Layout (A-Pin Position),2025-02-12 0630,2025-02-12 0818,56,,,3,3,3,3,3,3,4,3,3,3,3,3,3,3,3,4,3,3
ArmyGeddon,John Knight Memorial Park,Public Layout (A-Pin Position),2025-02-12 0630,2025-02-12 0818,52,-4,174,2,3,2,2,2,2,4,3,3,3,2,3,4,3,3,5,3,3
Jobby,John Knight Memorial Park,Public Layout (A-Pin Position),2025-02-12 0630,2025-02-12 0818,54,-2,165,2,4,3,2,3,4,3,3,3,3,3,3,3,3,3,3,3,3
Par,John Knight Memorial Park,Public Layout (B-Pin Position),2025-02-09 0014,2025-02-09 0015,56,,,3,3,3,3,3,3,4,3,3,3,3,3,3,3,3,4,3,3
ArmyGeddon,John Knight Memorial Park,Public Layout (B-Pin Position),2025-02-09 0014,2025-02-09 0015,54,-2,163,2,4,3,2,3,4,4,2,3,3,3,2,4,3,3,4,3,2
Jobby,John Knight Memorial Park,Public Layout (B-Pin Position),2025-02-09 0014,2025-02-09 0015,54,-2,163,4,2,2,3,3,3,4,2,4,3,3,3,3,3,3,4,2,3
Par,Eddison Park,2019 Blue Tees,2025-02-07 2049,2025-02-07 2317,62,,,3,3,4,3,3,3,3,3,3,4,5,3,4,4,3,4,3,4
ArmyGeddon,Eddison Park,2019 Blue Tees,2025-02-07 2049,2025-02-07 2317,69,7,161,4,3,4,3,3,4,3,4,2,4,6,3,4,5,3,5,4,5
Jobby,Eddison Park,2019 Blue Tees,2025-02-07 2049,2025-02-07 2317,71,9,152,3,2,5,4,3,5,3,4,2,5,6,3,5,6,3,4,4,4
Bucis,Eddison Park,2019 Blue Tees,2025-02-07 2049,2025-02-07 2317,72,10,148,4,4,4,4,3,3,2,4,4,5,5,4,6,4,3,5,3,5
Miza,Eddison Park,2019 Blue Tees,2025-02-07 2049,2025-02-07 2317,73,11,144,4,3,4,3,3,4,3,4,4,6,5,3,5,5,3,5,4,5
AP,Eddison Park,2019 Blue Tees,2025-02-07 2049,2025-02-07 2317,78,16,125,4,4,5,3,4,3,4,4,4,6,6,5,6,5,3,5,3,4
Par,John Knight Memorial Park,Public Layout (B-Pin Position),2025-02-07 0555,2025-02-07 0702,56,,,3,3,3,3,3,3,4,3,3,3,3,3,3,3,3,4,3,3
ArmyGeddon,John Knight Memorial Park,Public Layout (B-Pin Position),2025-02-07 0555,2025-02-07 0702,52,-4,172,2,2,2,2,3,2,4,3,3,3,2,3,3,3,3,5,3,4
Jobby,John Knight Memorial Park,Public Layout (B-Pin Position),2025-02-07 0555,2025-02-07 0702,57,1,149,2,4,3,3,3,3,3,3,2,3,3,3,3,3,4,5,3,4
Par,John Knight Memorial Park,Public Layout (B-Pin Position),2025-02-03 0636,2025-02-03 0743,56,,,3,3,3,3,3,3,4,3,3,3,3,3,3,3,3,4,3,3
Jobby,John Knight Memorial Park,Public Layout (B-Pin Position),2025-02-03 0636,2025-02-03 0743,56,0,154,3,3,2,3,2,3,4,3,3,3,3,4,3,3,3,4,3,4
ArmyGeddon,John Knight Memorial Park,Public Layout (B-Pin Position),2025-02-03 0636,2025-02-03 0743,52,-4,172,3,3,2,2,3,3,4,2,3,3,3,3,3,4,2,4,3,2
Par,Eddison Park,2019 Blue Tees,2025-02-01 2034,2025-02-01 2202,62,,,3,3,4,3,3,3,3,3,3,4,5,3,4,4,3,4,3,4
ArmyGeddon,Eddison Park,2019 Blue Tees,2025-02-01 2034,2025-02-01 2202,67,5,169,3,4,4,4,3,3,3,4,3,4,6,2,4,4,4,5,3,4
Jobby,Eddison Park,2019 Blue Tees,2025-02-01 2034,2025-02-01 2202,67,5,169,2,3,3,3,4,3,3,4,3,4,6,3,5,5,3,5,3,5
Par,John Knight Memorial Park,Public Layout (B-Pin Position),2025-01-26 0530,2025-01-26 0648,56,,,3,3,3,3,3,3,4,3,3,3,3,3,3,3,3,4,3,3
ArmyGeddon,John Knight Memorial Park,Public Layout (B-Pin Position),2025-01-26 0530,2025-01-26 0648,57,1,151,3,3,3,3,2,3,4,2,3,4,4,3,3,3,3,5,3,3
Jobby,John Knight Memorial Park,Public Layout (B-Pin Position),2025-01-26 0530,2025-01-26 0648,54,-2,164,2,2,2,2,4,4,4,3,2,3,3,3,4,3,3,4,3,3
Bec,John Knight Memorial Park,Public Layout (B-Pin Position),2025-01-26 0530,2025-01-26 0648,71,15,99,4,3,3,3,4,3,5,3,7,3,3,3,5,4,4,5,4,5
Par,John Knight Memorial Park,Public Layout (B-Pin Position),2025-01-24 2036,2025-01-24 2218,56,,,3,3,3,3,3,3,4,3,3,3,3,3,3,3,3,4,3,3
ArmyGeddon,John Knight Memorial Park,Public Layout (B-Pin Position),2025-01-24 2036,2025-01-24 2218,58,2,147,2,3,3,3,3,4,5,2,3,3,2,3,3,4,3,5,3,4
Jobby,John Knight Memorial Park,Public Layout (B-Pin Position),2025-01-24 2036,2025-01-24 2218,53,-3,169,2,3,2,2,3,3,4,3,3,3,3,2,3,3,4,4,3,3
Bucis,John Knight Memorial Park,Public Layout (B-Pin Position),2025-01-24 2036,2025-01-24 2218,59,3,143,2,3,4,2,2,3,4,3,3,4,3,2,3,5,4,4,4,4
Miza,John Knight Memorial Park,Public Layout (B-Pin Position),2025-01-24 2036,2025-01-24 2218,59,3,143,3,3,2,2,3,3,4,2,4,3,3,4,4,4,4,5,4,2
Par,Weston Park Disc Golf Course,White Tees ,2025-01-24 0710,2025-01-24 0857,59,,,3,3,3,3,4,3,3,4,4,3,4,3,3,3,3,3,3,4
ArmyGeddon,Weston Park Disc Golf Course,White Tees ,2025-01-24 0710,2025-01-24 0857,57,-2,189,3,3,4,3,5,3,3,4,5,2,3,3,2,3,3,2,3,3
Jobby,Weston Park Disc Golf Course,White Tees ,2025-01-24 0710,2025-01-24 0857,59,0,179,3,3,3,3,4,2,3,3,4,3,4,3,4,3,3,3,2,6
Bucis,Weston Park Disc Golf Course,White Tees ,2025-01-24 0710,2025-01-24 0857,72,13,125,4,3,4,5,5,3,4,4,5,4,4,4,3,4,3,3,5,5
Par,Gold Creek School Disc Golf Course,Gold Creek School Disc Golf Course,2025-01-22 1907,2025-01-22 2018,55,,,3,3,3,3,3,3,3,3,3,3,3,3,3,4,3,3,3,3
ArmyGeddon,Gold Creek School Disc Golf Course,Gold Creek School Disc Golf Course,2025-01-22 1907,2025-01-22 2018,50,-5,184,2,3,2,2,3,3,2,3,3,5,3,3,3,3,3,2,3,2
Jobby,Gold Creek School Disc Golf Course,Gold Creek School Disc Golf Course,2025-01-22 1907,2025-01-22 2018,53,-2,170,3,3,3,2,4,2,3,3,2,4,3,3,3,4,3,3,3,2
Par,John Knight Memorial Park,Public Layout (B-Pin Position),2025-01-20 0555,2025-01-20 0707,56,,,3,3,3,3,3,3,4,3,3,3,3,3,3,3,3,4,3,3
ArmyGeddon,John Knight Memorial Park,Public Layout (B-Pin Position),2025-01-20 0555,2025-01-20 0707,58,2,147,3,2,3,3,4,2,5,2,3,5,3,3,3,4,3,4,3,3
Bec,John Knight Memorial Park,Public Layout (B-Pin Position),2025-01-20 0555,2025-01-20 0707,74,18,90,4,4,3,5,4,4,6,3,4,4,4,4,4,4,4,5,4,4
Par,Weston Park Disc Golf Course,White Tees ,2025-01-18 2344,2025-01-19 0127,59,,,3,3,3,3,4,3,3,4,4,3,4,3,3,3,3,3,3,4
ArmyGeddon,Weston Park Disc Golf Course,White Tees ,2025-01-18 2344,2025-01-19 0127,57,-2,189,3,3,3,2,5,3,2,4,5,3,4,2,4,3,3,2,2,4
Jobby,Weston Park Disc Golf Course,White Tees ,2025-01-18 2344,2025-01-19 0127,64,5,157,4,3,3,3,5,3,3,4,6,4,3,4,3,3,2,3,3,5
Par,John Knight Memorial Park,Public Layout (B-Pin Position),2025-01-17 2052,2025-01-17 2255,56,,,3,3,3,3,3,3,4,3,3,3,3,3,3,3,3,4,3,3
ArmyGeddon,John Knight Memorial Park,Public Layout (B-Pin Position),2025-01-17 2052,2025-01-17 2255,56,0,155,2,2,2,2,5,3,5,3,4,2,3,3,3,4,3,4,3,3
Jobby,John Knight Memorial Park,Public Layout (B-Pin Position),2025-01-17 2052,2025-01-17 2255,61,5,135,4,3,3,3,3,2,5,3,3,3,3,3,3,5,4,5,3,3
Miza,John Knight Memorial Park,Public Layout (B-Pin Position),2025-01-17 2052,2025-01-17 2255,57,1,151,2,3,3,3,4,4,4,2,3,4,2,4,3,4,2,4,3,3
Bec,John Knight Memorial Park,Public Layout (B-Pin Position),2025-01-17 2052,2025-01-17 2255,76,20,85,4,3,3,4,5,3,6,3,4,6,5,4,4,4,5,5,4,4
Youare22,John Knight Memorial Park,Public Layout (B-Pin Position),2025-01-17 2052,2025-01-17 2255,82,26,70,4,4,4,3,5,6,5,4,4,5,5,4,4,5,5,5,5,5
Par,John Knight Memorial Park,Public Layout (B-Pin Position),2025-01-16 0814,2025-01-16 0930,56,,,3,3,3,3,3,3,4,3,3,3,3,3,3,3,3,4,3,3
ArmyGeddon,John Knight Memorial Park,Public Layout (B-Pin Position),2025-01-16 0814,2025-01-16 0930,59,3,143,3,3,2,3,2,3,3,3,3,3,4,4,3,3,4,5,4,4
Jobby,John Knight Memorial Park,Public Layout (B-Pin Position),2025-01-16 0814,2025-01-16 0930,57,1,151,3,3,2,2,3,2,4,2,4,3,3,3,3,4,4,4,4,4
Miza,John Knight Memorial Park,Public Layout (B-Pin Position),2025-01-16 0814,2025-01-16 0930,55,-1,160,3,3,3,2,2,3,5,3,3,3,3,3,3,3,3,3,3,4
Par,John Knight Memorial Park,Public Layout (B-Pin Position),2025-01-16 0657,2025-01-16 0755,56,,,3,3,3,3,3,3,4,3,3,3,3,3,3,3,3,4,3,3
ArmyGeddon,John Knight Memorial Park,Public Layout (B-Pin Position),2025-01-16 0657,2025-01-16 0755,53,-3,169,3,3,2,2,3,3,4,3,3,2,3,4,2,3,3,4,3,3
Miza,John Knight Memorial Park,Public Layout (B-Pin Position),2025-01-16 0657,2025-01-16 0755,66,10,116,3,4,3,3,4,5,5,3,3,4,4,4,4,3,3,4,3,4
Par,John Knight Memorial Park,Public Layout (B-Pin Position),2025-01-14 0707,2025-01-14 0817,56,,,3,3,3,3,3,3,4,3,3,3,3,3,3,3,3,4,3,3
ArmyGeddon,John Knight Memorial Park,Public Layout (B-Pin Position),2025-01-14 0707,2025-01-14 0817,54,-2,164,2,3,3,3,2,2,4,2,3,3,3,3,4,3,3,5,3,3
Bec,John Knight Memorial Park,Public Layout (B-Pin Position),2025-01-14 0707,2025-01-14 0817,74,18,90,4,3,2,4,5,4,5,3,4,4,4,4,4,4,4,6,5,5
Par,John Knight Memorial Park,Public Layout (B-Pin Position),2025-01-13 0746,2025-01-13 0907,56,,,3,3,3,3,3,3,4,3,3,3,3,3,3,3,3,4,3,3
ArmyGeddon,John Knight Memorial Park,Public Layout (B-Pin Position),2025-01-13 0746,2025-01-13 0907,53,-3,169,2,2,2,4,2,2,5,2,3,3,3,4,3,3,3,4,3,3
Jobby,John Knight Memorial Park,Public Layout (B-Pin Position),2025-01-13 0746,2025-01-13 0907,59,3,143,3,3,2,3,3,3,4,3,3,3,3,5,3,4,4,4,3,3
Par,John Knight Memorial Park,Public Layout (B-Pin Position),2025-01-10 2040,2025-01-10 2237,56,,,3,3,3,3,3,3,4,3,3,3,3,3,3,3,3,4,3,3
ArmyGeddon,John Knight Memorial Park,Public Layout (B-Pin Position),2025-01-10 2040,2025-01-10 2237,58,2,147,2,4,3,3,3,2,4,3,3,3,3,2,5,3,3,4,5,3
Jobby,John Knight Memorial Park,Public Layout (B-Pin Position),2025-01-10 2040,2025-01-10 2237,61,5,135,3,3,3,3,3,3,4,3,3,4,2,3,3,4,3,5,4,5
Bucis,John Knight Memorial Park,Public Layout (B-Pin Position),2025-01-10 2040,2025-01-10 2237,62,6,131,3,3,3,3,4,3,5,3,2,4,3,3,3,3,6,5,3,3
Miza,John Knight Memorial Park,Public Layout (B-Pin Position),2025-01-10 2040,2025-01-10 2237,57,1,151,3,2,3,3,3,3,4,3,3,3,3,3,3,4,3,5,3,3
Par,Gold Creek School Disc Golf Course,Gold Creek School Disc Golf Course,2025-01-09 0821,2025-01-09 0949,55,,,3,3,3,3,3,3,3,3,3,3,3,3,3,4,3,3,3,3
ArmyGeddon,Gold Creek School Disc Golf Course,Gold Creek School Disc Golf Course,2025-01-09 0821,2025-01-09 0949,57,2,152,3,3,3,3,4,3,3,3,3,3,3,4,3,4,3,3,4,2
Jobby,Gold Creek School Disc Golf Course,Gold Creek School Disc Golf Course,2025-01-09 0821,2025-01-09 0949,54,-1,165,3,2,3,3,3,3,3,2,3,3,3,3,3,5,3,3,3,3
Bucis,Gold Creek School Disc Golf Course,Gold Creek School Disc Golf Course,2025-01-09 0821,2025-01-09 0949,67,12,113,4,2,4,3,6,3,3,3,3,5,3,3,4,6,4,4,5,2
Par,John Knight Memorial Park,Public Layout (B-Pin Position),2025-01-04 2021,2025-01-04 2126,56,,,3,3,3,3,3,3,4,3,3,3,3,3,3,3,3,4,3,3
ArmyGeddon,John Knight Memorial Park,Public Layout (B-Pin Position),2025-01-04 2021,2025-01-04 2126,55,-1,160,2,3,2,3,3,4,4,2,2,4,3,3,4,3,3,3,4,3
Jobby,John Knight Memorial Park,Public Layout (B-Pin Position),2025-01-04 2021,2025-01-04 2126,57,1,151,2,2,3,2,4,4,5,2,3,4,3,3,3,3,3,4,3,4
Par,Eddison Park,2019 Blue Tees,2025-01-03 2037,2025-01-03 2232,62,,,3,3,4,3,3,3,3,3,3,4,5,3,4,4,3,4,3,4
ArmyGeddon,Eddison Park,2019 Blue Tees,2025-01-03 2037,2025-01-03 2232,75,13,135,4,3,5,4,5,4,3,4,3,5,6,4,5,4,3,5,4,4
Jobby,Eddison Park,2019 Blue Tees,2025-01-03 2037,2025-01-03 2232,71,9,151,3,4,5,4,4,3,3,4,3,5,6,4,4,5,2,4,3,5
Par,John Knight Memorial Park,Public Layout (B-Pin Position),2025-01-03 0653,2025-01-03 0815,56,,,3,3,3,3,3,3,4,3,3,3,3,3,3,3,3,4,3,3
ArmyGeddon,John Knight Memorial Park,Public Layout (B-Pin Position),2025-01-03 0653,2025-01-03 0815,57,1,151,3,3,2,4,5,3,4,3,2,3,2,3,2,4,3,6,3,2
Bec,John Knight Memorial Park,Public Layout (B-Pin Position),2025-01-03 0653,2025-01-03 0815,73,17,93,3,3,3,4,4,3,5,3,4,4,4,5,5,4,3,7,5,4
Par,Gold Creek School Disc Golf Course,Gold Creek School Disc Golf Course,2025-01-02 0756,2025-01-02 0910,55,,,3,3,3,3,3,3,3,3,3,3,3,3,3,4,3,3,3,3
ArmyGeddon,Gold Creek School Disc Golf Course,Gold Creek School Disc Golf Course,2025-01-02 0756,2025-01-02 0910,56,1,156,3,3,3,3,3,4,3,3,3,4,3,4,3,4,3,2,3,2
Jobby,Gold Creek School Disc Golf Course,Gold Creek School Disc Golf Course,2025-01-02 0756,2025-01-02 0910,56,1,156,3,3,3,2,4,2,3,3,3,4,2,4,4,3,3,3,4,3
Par,John Knight Memorial Park,Public Layout (B-Pin Position),2024-12-31 2324,2025-01-01 0036,56,,,3,3,3,3,3,3,4,3,3,3,3,3,3,3,3,4,3,3
ArmyGeddon,John Knight Memorial Park,Public Layout (B-Pin Position),2024-12-31 2324,2025-01-01 0036,52,-4,173,2,2,2,3,3,4,3,3,2,3,3,4,3,3,3,4,3,2
Jobby,John Knight Memorial Park,Public Layout (B-Pin Position),2024-12-31 2324,2025-01-01 0036,54,-2,164,2,2,2,3,3,3,4,2,3,3,3,2,4,4,3,4,3,4
Par,John Knight Memorial Park,Public Layout (B-Pin Position),2024-12-29 0629,2024-12-29 0732,56,,,3,3,3,3,3,3,4,3,3,3,3,3,3,3,3,4,3,3
ArmyGeddon,John Knight Memorial Park,Public Layout (B-Pin Position),2024-12-29 0629,2024-12-29 0732,54,-2,164,2,2,2,2,3,3,4,3,3,3,3,2,3,4,4,5,3,3
Miza,John Knight Memorial Park,Public Layout (B-Pin Position),2024-12-29 0629,2024-12-29 0732,62,6,131,3,3,3,3,3,4,4,4,3,3,4,3,3,4,3,4,5,3
Par,John Knight Memorial Park,Public Layout (B-Pin Position),2024-12-26 2034,2024-12-26 2146,56,,,3,3,3,3,3,3,4,3,3,3,3,3,3,3,3,4,3,3
ArmyGeddon,John Knight Memorial Park,Public Layout (B-Pin Position),2024-12-26 2034,2024-12-26 2146,55,-1,160,2,2,3,3,3,3,4,3,3,3,4,3,1,3,3,5,4,3
Miza,John Knight Memorial Park,Public Layout (B-Pin Position),2024-12-26 2034,2024-12-26 2146,59,3,143,4,3,2,3,3,4,4,3,3,3,3,3,2,4,4,5,3,3
Par,John Knight Memorial Park,Public Layout (B-Pin Position),2024-12-23 2011,2024-12-23 2125,56,,,3,3,3,3,3,3,4,3,3,3,3,3,3,3,3,4,3,3
ArmyGeddon,John Knight Memorial Park,Public Layout (B-Pin Position),2024-12-23 2011,2024-12-23 2125,56,0,155,2,3,3,2,3,3,3,3,3,3,3,3,4,4,3,5,3,3
Jobby,John Knight Memorial Park,Public Layout (B-Pin Position),2024-12-23 2011,2024-12-23 2125,55,-1,160,2,3,2,3,4,3,4,2,3,2,4,3,3,4,4,4,3,2
Par,John Knight Memorial Park,Public Layout (B-Pin Position),2024-12-21 2031,2024-12-21 2137,56,,,3,3,3,3,3,3,4,3,3,3,3,3,3,3,3,4,3,3
ArmyGeddon,John Knight Memorial Park,Public Layout (B-Pin Position),2024-12-21 2031,2024-12-21 2137,52,-4,173,4,2,2,3,3,2,4,3,3,3,3,2,3,3,4,3,3,2
Jobby,John Knight Memorial Park,Public Layout (B-Pin Position),2024-12-21 2031,2024-12-21 2137,59,3,143,3,3,3,3,3,3,5,3,3,3,3,3,5,3,3,4,3,3
Par,John Knight Memorial Park,Public Layout (B-Pin Position),2024-12-20 2019,2024-12-20 2158,56,,,3,3,3,3,3,3,4,3,3,3,3,3,3,3,3,4,3,3
ArmyGeddon,John Knight Memorial Park,Public Layout (B-Pin Position),2024-12-20 2019,2024-12-20 2158,55,-1,160,3,2,2,3,3,4,5,2,3,3,3,3,3,3,3,5,3,2
Jobby,John Knight Memorial Park,Public Layout (B-Pin Position),2024-12-20 2019,2024-12-20 2158,62,6,131,4,3,3,3,3,3,4,3,5,3,4,3,3,4,3,4,4,3
Bucis,John Knight Memorial Park,Public Layout (B-Pin Position),2024-12-20 2019,2024-12-20 2158,56,0,155,3,2,3,2,3,3,4,3,2,3,3,4,3,3,4,5,3,3
Miza,John Knight Memorial Park,Public Layout (B-Pin Position),2024-12-20 2019,2024-12-20 2158,62,6,131,3,3,3,3,3,4,5,3,3,3,3,4,3,4,4,4,4,3
Par,Gold Creek School Disc Golf Course,Gold Creek School Disc Golf Course,2024-12-18 0548,2024-12-18 0655,55,,,3,3,3,3,3,3,3,3,3,3,3,3,3,4,3,3,3,3
ArmyGeddon,Gold Creek School Disc Golf Course,Gold Creek School Disc Golf Course,2024-12-18 0548,2024-12-18 0655,58,3,148,3,4,3,2,3,3,2,5,3,5,4,4,3,4,3,2,3,2
Bucis,Gold Creek School Disc Golf Course,Gold Creek School Disc Golf Course,2024-12-18 0548,2024-12-18 0655,70,15,103,3,2,5,4,4,2,3,4,4,2,4,5,4,6,3,6,4,5
Par,Gold Creek School Disc Golf Course,Gold Creek School Disc Golf Course,2024-12-17 0821,2024-12-17 0933,55,,,3,3,3,3,3,3,3,3,3,3,3,3,3,4,3,3,3,3
ArmyGeddon,Gold Creek School Disc Golf Course,Gold Creek School Disc Golf Course,2024-12-17 0821,2024-12-17 0933,57,2,152,2,3,4,3,4,2,3,2,4,4,2,5,3,4,3,3,4,2
Jobby,Gold Creek School Disc Golf Course,Gold Creek School Disc Golf Course,2024-12-17 0821,2024-12-17 0933,57,2,152,3,3,2,2,3,3,3,3,3,4,4,4,4,4,2,3,4,3
Par,Gold Creek School Disc Golf Course,Gold Creek School Disc Golf Course,2024-12-14 2111,2024-12-14 2216,55,,,3,3,3,3,3,3,3,3,3,3,3,3,3,4,3,3,3,3
ArmyGeddon,Gold Creek School Disc Golf Course,Gold Creek School Disc Golf Course,2024-12-14 2111,2024-12-14 2216,50,-5,184,2,3,2,3,3,3,2,3,3,4,3,3,2,3,3,2,3,3
Bucis,Gold Creek School Disc Golf Course,Gold Creek School Disc Golf Course,2024-12-14 2111,2024-12-14 2216,62,7,132,4,3,3,3,4,2,3,3,3,4,3,3,5,7,3,4,3,2
Par,Gold Creek School Disc Golf Course,Gold Creek School Disc Golf Course,2024-12-13 0822,2024-12-13 0948,55,,,3,3,3,3,3,3,3,3,3,3,3,3,3,4,3,3,3,3
ArmyGeddon,Gold Creek School Disc Golf Course,Gold Creek School Disc Golf Course,2024-12-13 0822,2024-12-13 0948,53,-2,170,2,3,3,3,3,3,2,2,2,5,4,4,3,3,3,2,3,3
Jobby,Gold Creek School Disc Golf Course,Gold Creek School Disc Golf Course,2024-12-13 0822,2024-12-13 0948,53,-2,170,4,3,2,3,4,3,2,3,3,3,2,3,4,4,3,3,2,2
Par,Eddison Park,2019 Blue Tees,2024-12-07 2042,2024-12-07 2216,62,,,3,3,4,3,3,3,3,3,3,4,5,3,4,4,3,4,3,4
ArmyGeddon,Eddison Park,2019 Blue Tees,2024-12-07 2042,2024-12-07 2216,72,10,147,3,4,5,3,4,2,4,3,3,4,6,3,5,5,3,5,4,6
Disease,Eddison Park,2019 Blue Tees,2024-12-07 2042,2024-12-07 2216,85,23,101,4,3,6,4,5,4,4,4,4,6,7,3,4,5,6,5,5,6
Par,John Knight Memorial Park,Public Layout (B-Pin Position),2024-11-21 0540,2024-11-21 0633,56,,,3,3,3,3,3,3,4,3,3,3,3,3,3,3,3,4,3,3
ArmyGeddon,John Knight Memorial Park,Public Layout (B-Pin Position),2024-11-21 0540,2024-11-21 0633,56,0,155,2,3,2,3,3,3,4,3,3,3,3,3,4,3,3,4,3,4
Bucis,John Knight Memorial Park,Public Layout (B-Pin Position),2024-11-21 0540,2024-11-21 0633,59,3,142,3,2,3,2,4,3,4,3,3,3,4,3,4,3,3,4,4,4
Par,Eddison Park,2019 Blue Tees,2024-11-16 0038,2024-11-16 0042,62,,,3,3,4,3,3,3,3,3,3,4,5,3,4,4,3,4,3,4
ArmyGeddon,Eddison Park,2019 Blue Tees,2024-11-16 0038,2024-11-16 0042,73,11,143,3,3,4,3,4,3,3,5,3,4,6,3,5,5,5,5,3,6
Jobby,Eddison Park,2019 Blue Tees,2024-11-16 0038,2024-11-16 0042,72,10,147,2,2,4,3,5,3,3,4,3,5,6,2,6,7,3,5,4,5
Miza,Eddison Park,2019 Blue Tees,2024-11-16 0038,2024-11-16 0042,80,18,117,2,3,5,3,4,4,3,3,3,7,6,5,5,6,5,6,4,6
Par,Gold Creek School Disc Golf Course,Gold Creek School Disc Golf Course,2024-11-15 0544,2024-11-15 0702,55,,,3,3,3,3,3,3,3,3,3,3,3,3,3,4,3,3,3,3
ArmyGeddon,Gold Creek School Disc Golf Course,Gold Creek School Disc Golf Course,2024-11-15 0544,2024-11-15 0702,57,2,153,3,3,2,3,3,3,3,3,3,4,3,4,3,4,3,3,4,3
Jobby,Gold Creek School Disc Golf Course,Gold Creek School Disc Golf Course,2024-11-15 0544,2024-11-15 0702,55,0,162,3,2,2,3,4,2,2,4,3,3,3,4,4,4,3,3,3,3
Bucis,Gold Creek School Disc Golf Course,Gold Creek School Disc Golf Course,2024-11-15 0544,2024-11-15 0702,65,10,121,3,5,4,3,4,3,4,3,3,5,3,4,4,4,3,3,4,3
Par,Gold Creek School Disc Golf Course,Gold Creek School Disc Golf Course,2024-11-12 0557,2024-11-12 0650,55,,,3,3,3,3,3,3,3,3,3,3,3,3,3,4,3,3,3,3
ArmyGeddon,Gold Creek School Disc Golf Course,Gold Creek School Disc Golf Course,2024-11-12 0557,2024-11-12 0650,58,3,149,3,3,3,3,3,3,4,3,3,3,4,4,3,4,2,4,4,2
Bucis,Gold Creek School Disc Golf Course,Gold Creek School Disc Golf Course,2024-11-12 0557,2024-11-12 0650,63,8,128,4,3,4,3,4,2,4,3,3,4,4,4,4,4,3,3,4,3
Par,Eddison Park,2019 Blue Tees,2024-11-09 2034,2024-11-09 2218,62,,,3,3,4,3,3,3,3,3,3,4,5,3,4,4,3,4,3,4
ArmyGeddon,Eddison Park,2019 Blue Tees,2024-11-09 2034,2024-11-09 2218,72,10,147,3,3,5,3,4,4,3,4,3,5,6,3,5,5,3,4,4,5
Jobby,Eddison Park,2019 Blue Tees,2024-11-09 2034,2024-11-09 2218,67,5,168,3,3,4,3,4,3,3,4,3,4,5,3,4,5,3,5,3,5
Disease,Eddison Park,2019 Blue Tees,2024-11-09 2034,2024-11-09 2218,76,14,132,4,3,5,3,3,3,4,4,4,6,7,3,5,5,4,5,3,5
Par,Eddison Park,2019 Blue Tees,2024-11-08 2048,2024-11-08 2255,62,,,3,3,4,3,3,3,3,3,3,4,5,3,4,4,3,4,3,4
ArmyGeddon,Eddison Park,2019 Blue Tees,2024-11-08 2048,2024-11-08 2255,70,8,155,3,4,4,3,4,3,3,4,3,4,6,3,4,5,3,5,4,5
Jobby,Eddison Park,2019 Blue Tees,2024-11-08 2048,2024-11-08 2255,74,12,139,3,4,4,3,4,3,3,4,3,5,6,4,6,5,3,5,3,6
Bucis,Eddison Park,2019 Blue Tees,2024-11-08 2048,2024-11-08 2255,83,21,108,3,5,5,4,4,3,4,5,4,5,6,4,6,5,4,6,5,5
Miza,Eddison Park,2019 Blue Tees,2024-11-08 2048,2024-11-08 2255,75,13,135,4,3,5,4,3,3,4,4,3,4,7,3,7,4,3,6,3,5
Par,John Knight Memorial Park,Public Layout (B-Pin Position),2024-11-05 0334,2024-11-05 0444,56,,,3,3,3,3,3,3,4,3,3,3,3,3,3,3,3,4,3,3
ArmyGeddon,John Knight Memorial Park,Public Layout (B-Pin Position),2024-11-05 0334,2024-11-05 0444,58,2,144,3,3,2,3,3,2,4,3,3,3,3,3,3,3,4,5,4,4
Bucis,John Knight Memorial Park,Public Layout (B-Pin Position),2024-11-05 0334,2024-11-05 0444,67,11,110,3,3,3,3,5,2,6,3,3,4,4,3,4,4,3,6,4,4
Par,Gold Creek School Disc Golf Course,Gold Creek School Disc Golf Course,2024-11-03 1908,2024-11-03 2024,55,,,3,3,3,3,3,3,3,3,3,3,3,3,3,4,3,3,3,3
ArmyGeddon,Gold Creek School Disc Golf Course,Gold Creek School Disc Golf Course,2024-11-03 1908,2024-11-03 2024,55,0,164,2,3,2,3,4,3,3,3,3,3,3,3,3,5,3,3,3,3
Jobby,Gold Creek School Disc Golf Course,Gold Creek School Disc Golf Course,2024-11-03 1908,2024-11-03 2024,55,0,164,3,3,4,3,4,3,2,2,3,4,3,3,3,4,3,2,3,3
Par,John Knight Memorial Park,Public Layout (B-Pin Position),2024-11-02 0038,2024-11-02 0042,56,,,3,3,3,3,3,3,4,3,3,3,3,3,3,3,3,4,3,3
ArmyGeddon,John Knight Memorial Park,Public Layout (B-Pin Position),2024-11-02 0038,2024-11-02 0042,63,7,125,4,3,2,3,4,4,4,2,4,3,3,3,4,3,3,5,4,5
Jobby,John Knight Memorial Park,Public Layout (B-Pin Position),2024-11-02 0038,2024-11-02 0042,59,3,140,3,3,2,3,3,4,4,3,3,3,4,3,3,3,4,4,3,4
Miza,John Knight Memorial Park,Public Layout (B-Pin Position),2024-11-02 0038,2024-11-02 0042,66,10,114,3,4,2,3,3,3,4,3,3,5,3,5,5,3,4,5,4,4
Par,Gold Creek School Disc Golf Course,Gold Creek School Disc Golf Course,2024-11-01 0809,2024-11-01 0915,55,,,3,3,3,3,3,3,3,3,3,3,3,3,3,4,3,3,3,3
ArmyGeddon,Gold Creek School Disc Golf Course,Gold Creek School Disc Golf Course,2024-11-01 0809,2024-11-01 0915,59,4,146,2,3,3,3,5,2,2,3,4,3,3,4,4,5,3,3,4,3
Jobby,Gold Creek School Disc Golf Course,Gold Creek School Disc Golf Course,2024-11-01 0809,2024-11-01 0915,59,4,146,3,3,2,4,5,3,3,3,3,4,3,3,3,5,3,3,3,3
Par,Gold Creek School Disc Golf Course,Gold Creek School Disc Golf Course,2024-10-31 2034,2024-11-01 0808,55,,,3,3,3,3,3,3,3,3,3,3,3,3,3,4,3,3,3,3
ArmyGeddon,Gold Creek School Disc Golf Course,Gold Creek School Disc Golf Course,2024-10-31 2034,2024-11-01 0808,53,-2,173,3,2,2,3,3,3,3,2,4,3,3,3,3,3,2,3,4,4
Jobby,Gold Creek School Disc Golf Course,Gold Creek School Disc Golf Course,2024-10-31 2034,2024-11-01 0808,63,8,130,3,4,3,3,5,3,3,4,3,4,3,4,4,4,3,3,3,4
Par,Gold Creek School Disc Golf Course,Gold Creek School Disc Golf Course,2024-10-28 0556,2024-10-28 0703,55,,,3,3,3,3,3,3,3,3,3,3,3,3,3,4,3,3,3,3
ArmyGeddon,Gold Creek School Disc Golf Course,Gold Creek School Disc Golf Course,2024-10-28 0556,2024-10-28 0703,54,-1,168,2,3,3,2,3,3,3,3,2,4,3,4,3,4,4,3,3,2
Bucis,Gold Creek School Disc Golf Course,Gold Creek School Disc Golf Course,2024-10-28 0556,2024-10-28 0703,70,15,105,5,4,4,3,4,2,3,4,4,3,3,3,4,5,5,5,5,4
Par,John Knight Memorial Park,Public Layout (B-Pin Position),2024-10-26 2351,2024-10-27 0059,56,,,3,3,3,3,3,3,4,3,3,3,3,3,3,3,3,4,3,3
Jobby,John Knight Memorial Park,Public Layout (B-Pin Position),2024-10-26 2351,2024-10-27 0059,59,3,140,3,3,3,3,3,4,5,3,3,3,3,3,3,4,3,4,4,2
ArmyGeddon,John Knight Memorial Park,Public Layout (B-Pin Position),2024-10-26 2351,2024-10-27 0059,59,3,140,3,3,3,3,4,3,5,3,2,3,3,2,3,4,5,4,3,3
Par,Eddison Park,2019 Blue Tees,2024-10-26 2037,2024-10-26 2219,62,,,3,3,4,3,3,3,3,3,3,4,5,3,4,4,3,4,3,4
ArmyGeddon,Eddison Park,2019 Blue Tees,2024-10-26 2037,2024-10-26 2219,71,9,152,3,3,5,3,3,4,3,3,3,5,8,3,5,4,4,4,3,5
Jobby,Eddison Park,2019 Blue Tees,2024-10-26 2037,2024-10-26 2219,79,17,121,4,4,4,4,4,3,4,5,3,6,6,3,5,6,4,6,3,5
Disease,Eddison Park,2019 Blue Tees,2024-10-26 2037,2024-10-26 2219,84,22,105,4,3,6,5,5,4,4,6,4,6,7,3,5,5,3,5,3,6
Par,John Knight Memorial Park,Public Layout (B-Pin Position),2024-10-25 2002,2024-10-25 2141,56,,,3,3,3,3,3,3,4,3,3,3,3,3,3,3,3,4,3,3
ArmyGeddon,John Knight Memorial Park,Public Layout (B-Pin Position),2024-10-25 2002,2024-10-25 2141,57,1,148,3,2,3,3,4,2,4,2,2,4,3,4,3,4,3,5,3,3
Jobby,John Knight Memorial Park,Public Layout (B-Pin Position),2024-10-25 2002,2024-10-25 2141,60,4,136,2,4,3,2,3,4,4,2,3,4,4,4,3,3,4,4,4,3
Bucis,John Knight Memorial Park,Public Layout (B-Pin Position),2024-10-25 2002,2024-10-25 2141,64,8,121,3,3,4,3,4,3,5,3,4,3,3,3,4,4,2,4,6,3
Miza,John Knight Memorial Park,Public Layout (B-Pin Position),2024-10-25 2002,2024-10-25 2141,63,7,125,3,2,4,3,5,4,5,3,3,3,3,4,3,3,5,4,3,3
Par,John Knight Memorial Park,Public Layout (B-Pin Position),2024-10-24 1954,2024-10-24 2106,56,,,3,3,3,3,3,3,4,3,3,3,3,3,3,3,3,4,3,3
ArmyGeddon,John Knight Memorial Park,Public Layout (B-Pin Position),2024-10-24 1954,2024-10-24 2106,54,-2,162,3,3,2,3,3,3,3,2,3,3,4,3,4,3,3,4,3,2
Jobby,John Knight Memorial Park,Public Layout (B-Pin Position),2024-10-24 1954,2024-10-24 2106,60,4,136,3,3,3,3,4,3,4,3,4,3,3,3,3,5,3,4,3,3
Par,John Knight Memorial Park,Public Layout (B-Pin Position),2024-10-24 0650,2024-10-24 0821,56,,,3,3,3,3,3,3,4,3,3,3,3,3,3,3,3,4,3,3
ArmyGeddon,John Knight Memorial Park,Public Layout (B-Pin Position),2024-10-24 0650,2024-10-24 0821,53,-3,166,3,2,3,3,3,3,4,2,3,3,2,3,2,3,4,3,3,4
Bucis,John Knight Memorial Park,Public Layout (B-Pin Position),2024-10-24 0650,2024-10-24 0821,62,6,128,3,2,2,4,3,3,5,3,3,5,3,4,3,4,3,5,3,4
Miza,John Knight Memorial Park,Public Layout (B-Pin Position),2024-10-24 0650,2024-10-24 0821,62,6,128,3,2,3,2,3,4,5,3,4,3,3,3,4,4,4,5,3,4
Bec,John Knight Memorial Park,Public Layout (B-Pin Position),2024-10-24 0650,2024-10-24 0821,71,15,97,4,4,3,3,4,3,6,3,3,4,4,4,4,5,4,5,4,4
Par,John Knight Memorial Park,Public Layout (B-Pin Position),2024-10-23 0605,2024-10-23 0705,56,,,3,3,3,3,3,3,4,3,3,3,3,3,3,3,3,4,3,3
ArmyGeddon,John Knight Memorial Park,Public Layout (B-Pin Position),2024-10-23 0605,2024-10-23 0705,49,-7,185,2,2,2,3,3,2,4,3,2,3,2,2,3,3,3,4,3,3
Jobby,John Knight Memorial Park,Public Layout (B-Pin Position),2024-10-23 0605,2024-10-23 0705,56,0,153,2,3,2,2,3,3,4,2,3,3,3,5,3,4,3,5,3,3
Par,Gold Creek School Disc Golf Course,Gold Creek School Disc Golf Course,2024-10-22 0600,2024-10-22 0659,55,,,3,3,3,3,3,3,3,3,3,3,3,3,3,4,3,3,3,3
ArmyGeddon,Gold Creek School Disc Golf Course,Gold Creek School Disc Golf Course,2024-10-22 0600,2024-10-22 0659,53,-2,173,3,3,2,2,4,3,3,3,3,3,3,3,3,4,3,3,3,2
Bucis,Gold Creek School Disc Golf Course,Gold Creek School Disc Golf Course,2024-10-22 0600,2024-10-22 0659,60,5,142,3,4,3,2,5,3,3,2,3,3,3,4,4,6,4,3,2,3
Par,Gold Creek School Disc Golf Course,Gold Creek School Disc Golf Course,2024-10-21 0600,2024-10-21 0703,55,,,3,3,3,3,3,3,3,3,3,3,3,3,3,4,3,3,3,3
ArmyGeddon,Gold Creek School Disc Golf Course,Gold Creek School Disc Golf Course,2024-10-21 0600,2024-10-21 0703,57,2,155,3,3,3,3,2,3,3,3,4,3,3,3,3,4,4,3,4,3
Bec,Gold Creek School Disc Golf Course,Gold Creek School Disc Golf Course,2024-10-21 0600,2024-10-21 0703,72,17,99,3,4,4,6,3,4,4,3,4,4,5,4,4,5,3,4,4,4
Par,John Knight Memorial Park,Public Layout (B-Pin Position),2024-10-16 0715,2024-10-16 0838,56,,,3,3,3,3,3,3,4,3,3,3,3,3,3,3,3,4,3,3
ArmyGeddon,John Knight Memorial Park,Public Layout (B-Pin Position),2024-10-16 0715,2024-10-16 0838,58,2,144,2,3,3,3,3,4,4,2,2,3,3,4,3,4,4,5,3,3
Jobby,John Knight Memorial Park,Public Layout (B-Pin Position),2024-10-16 0715,2024-10-16 0838,57,1,148,2,2,3,3,3,4,4,3,3,3,3,3,3,3,3,4,4,4
Bec,John Knight Memorial Park,Public Layout (B-Pin Position),2024-10-16 0715,2024-10-16 0838,67,11,110,4,2,3,4,4,4,4,2,4,4,4,3,5,4,3,5,4,4
Par,John Knight Memorial Park,Public Layout (B-Pin Position),2024-10-12 2000,2024-10-12 2138,56,,,3,3,3,3,3,3,4,3,3,3,3,3,3,3,3,4,3,3
ArmyGeddon,John Knight Memorial Park,Public Layout (B-Pin Position),2024-10-12 2000,2024-10-12 2138,54,-2,162,2,2,4,3,3,3,4,2,3,3,2,3,3,4,3,4,3,3
Jobby,John Knight Memorial Park,Public Layout (B-Pin Position),2024-10-12 2000,2024-10-12 2138,59,3,140,4,2,2,3,3,3,4,3,3,3,3,3,3,4,4,5,5,2
Bucis,John Knight Memorial Park,Public Layout (B-Pin Position),2024-10-12 2000,2024-10-12 2138,62,6,128,3,3,2,3,3,4,4,3,4,4,4,4,3,4,3,4,4,3
Bec,John Knight Memorial Park,Public Layout (B-Pin Position),2024-10-12 2000,2024-10-12 2138,75,19,86,3,2,3,3,4,4,7,4,4,4,4,5,5,5,4,5,5,4
Par,John Knight Memorial Park,Public Layout (B-Pin Position),2024-10-11 2003,2024-10-11 2136,56,,,3,3,3,3,3,3,4,3,3,3,3,3,3,3,3,4,3,3
ArmyGeddon,John Knight Memorial Park,Public Layout (B-Pin Position),2024-10-11 2003,2024-10-11 2136,56,0,153,3,3,3,3,2,3,3,3,3,4,4,3,3,4,3,4,3,2
Jobby,John Knight Memorial Park,Public Layout (B-Pin Position),2024-10-11 2003,2024-10-11 2136,57,1,148,3,2,3,3,3,3,4,3,3,3,3,3,3,4,4,4,3,3
Bucis,John Knight Memorial Park,Public Layout (B-Pin Position),2024-10-11 2003,2024-10-11 2136,56,0,153,3,2,3,3,3,2,4,3,2,3,4,2,3,4,3,5,4,3
Miza,John Knight Memorial Park,Public Layout (B-Pin Position),2024-10-11 2003,2024-10-11 2136,65,9,117,3,4,3,3,3,3,5,3,3,4,4,3,3,4,4,5,4,4
Par,John Knight Memorial Park,Public Layout (B-Pin Position),2024-10-11 0555,2024-10-11 0650,56,,,3,3,3,3,3,3,4,3,3,3,3,3,3,3,3,4,3,3
ArmyGeddon,John Knight Memorial Park,Public Layout (B-Pin Position),2024-10-11 0555,2024-10-11 0650,58,2,144,2,3,2,3,4,4,4,2,3,3,3,3,4,4,3,5,3,3
Bucis,John Knight Memorial Park,Public Layout (B-Pin Position),2024-10-11 0555,2024-10-11 0650,60,4,136,3,3,3,3,3,3,5,3,2,3,3,4,4,4,3,4,4,3
Par,Gold Creek School Disc Golf Course,Gold Creek School Disc Golf Course,2024-10-10 0644,2024-10-10 0758,55,,,3,3,3,3,3,3,3,3,3,3,3,3,3,4,3,3,3,3
ArmyGeddon,Gold Creek School Disc Golf Course,Gold Creek School Disc Golf Course,2024-10-10 0644,2024-10-10 0758,63,8,130,3,3,4,3,3,3,4,4,2,4,4,4,4,4,4,3,4,3
Bec,Gold Creek School Disc Golf Course,Gold Creek School Disc Golf Course,2024-10-10 0644,2024-10-10 0758,74,19,92,3,3,4,5,5,3,4,4,3,5,4,5,5,5,3,5,5,3
Par,Gold Creek School Disc Golf Course,Gold Creek School Disc Golf Course,2024-10-09 0648,2024-10-09 0804,55,,,3,3,3,3,3,3,3,3,3,3,3,3,3,4,3,3,3,3
ArmyGeddon,Gold Creek School Disc Golf Course,Gold Creek School Disc Golf Course,2024-10-09 0648,2024-10-09 0804,57,2,155,2,3,2,3,3,3,3,3,3,3,4,4,3,4,3,4,4,3
Jobby,Gold Creek School Disc Golf Course,Gold Creek School Disc Golf Course,2024-10-09 0648,2024-10-09 0804,59,4,146,3,4,4,2,4,2,3,2,3,4,4,3,4,7,3,3,2,2
Par,Gold Creek School Disc Golf Course,Gold Creek School Disc Golf Course,2024-10-08 0600,2024-10-08 0707,55,,,3,3,3,3,3,3,3,3,3,3,3,3,3,4,3,3,3,3
ArmyGeddon,Gold Creek School Disc Golf Course,Gold Creek School Disc Golf Course,2024-10-08 0600,2024-10-08 0707,59,4,146,3,3,3,3,4,3,2,4,3,4,4,4,4,5,2,3,3,2
Bec,Gold Creek School Disc Golf Course,Gold Creek School Disc Golf Course,2024-10-08 0600,2024-10-08 0707,71,16,102,4,4,4,3,6,4,4,3,2,4,5,4,4,5,4,4,4,3
Par,John Knight Memorial Park,Public Layout (A-Pin Position),2024-10-06 0526,2024-10-06 0700,56,,,3,3,3,3,3,3,4,3,3,3,3,3,3,3,3,4,3,3
ArmyGeddon,John Knight Memorial Park,Public Layout (A-Pin Position),2024-10-06 0526,2024-10-06 0700,53,-3,166,3,3,3,2,3,2,3,3,3,3,2,4,3,3,2,4,3,4
Jobby,John Knight Memorial Park,Public Layout (A-Pin Position),2024-10-06 0526,2024-10-06 0700,59,3,140,2,3,3,3,3,3,4,3,3,3,3,3,4,3,5,4,3,4
Bucis,John Knight Memorial Park,Public Layout (A-Pin Position),2024-10-06 0526,2024-10-06 0700,58,2,144,3,3,2,2,3,4,4,3,3,4,3,3,4,3,3,5,4,2
Miza,John Knight Memorial Park,Public Layout (A-Pin Position),2024-10-06 0526,2024-10-06 0700,57,1,148,3,3,3,3,3,3,4,4,2,4,3,3,3,3,3,4,3,3
Disease,John Knight Memorial Park,Public Layout (A-Pin Position),2024-10-06 0526,2024-10-06 0700,68,12,107,5,4,3,3,3,5,4,4,3,4,3,4,3,3,5,5,4,3
Par,John Knight Memorial Park,Public Layout (A-Pin Position),2024-10-05 2032,2024-10-05 2139,56,,,3,3,3,3,3,3,4,3,3,3,3,3,3,3,3,4,3,3
ArmyGeddon,John Knight Memorial Park,Public Layout (A-Pin Position),2024-10-05 2032,2024-10-05 2139,53,-3,166,3,2,2,2,4,3,4,3,2,3,3,3,3,3,3,6,3,1
Jobby,John Knight Memorial Park,Public Layout (A-Pin Position),2024-10-05 2032,2024-10-05 2139,57,1,149,2,3,2,3,3,4,4,2,4,2,3,3,3,4,3,4,4,4
Par,John Knight Memorial Park,Public Layout (A-Pin Position),2024-10-04 2138,2024-10-04 2329,56,,,3,3,3,3,3,3,4,3,3,3,3,3,3,3,3,4,3,3
ArmyGeddon,John Knight Memorial Park,Public Layout (A-Pin Position),2024-10-04 2138,2024-10-04 2329,57,1,148,3,3,2,4,3,3,3,3,3,3,3,4,3,3,3,4,5,2
Jobby,John Knight Memorial Park,Public Layout (A-Pin Position),2024-10-04 2138,2024-10-04 2329,62,6,128,2,3,3,4,2,3,5,4,3,3,4,3,3,4,3,5,5,3
Bucis,John Knight Memorial Park,Public Layout (A-Pin Position),2024-10-04 2138,2024-10-04 2329,63,7,125,4,3,3,3,5,3,3,2,3,5,3,4,3,4,3,5,4,3
Miza,John Knight Memorial Park,Public Layout (A-Pin Position),2024-10-04 2138,2024-10-04 2329,59,3,140,3,3,3,2,3,3,4,3,3,4,3,3,4,4,3,4,3,4
Bec,John Knight Memorial Park,Public Layout (A-Pin Position),2024-10-04 2138,2024-10-04 2329,67,11,110,3,3,4,3,3,3,5,4,4,4,4,4,4,4,3,5,4,3
Par,Gold Creek School Disc Golf Course,Gold Creek School Disc Golf Course,2024-10-03 0612,2024-10-03 0736,55,,,3,3,3,3,3,3,3,3,3,3,3,3,3,4,3,3,3,3
ArmyGeddon,Gold Creek School Disc Golf Course,Gold Creek School Disc Golf Course,2024-10-03 0612,2024-10-03 0736,56,1,156,3,2,3,3,3,3,3,3,3,3,2,3,3,5,4,3,4,3
Jobby,Gold Creek School Disc Golf Course,Gold Creek School Disc Golf Course,2024-10-03 0612,2024-10-03 0736,63,8,127,3,3,2,3,3,2,3,3,3,4,4,4,5,5,3,3,5,5
Bucis,Gold Creek School Disc Golf Course,Gold Creek School Disc Golf Course,2024-10-03 0612,2024-10-03 0736,61,6,135,3,2,3,3,4,3,3,2,3,4,3,4,4,5,4,3,5,3
Bec,Gold Creek School Disc Golf Course,Gold Creek School Disc Golf Course,2024-10-03 0612,2024-10-03 0736,74,19,91,5,4,4,4,5,3,3,3,4,6,4,4,5,6,3,4,4,3
Par,Gold Creek School Disc Golf Course,Gold Creek School Disc Golf Course,2024-10-02 0640,2024-10-02 0810,55,,,3,3,3,3,3,3,3,3,3,3,3,3,3,4,3,3,3,3
ArmyGeddon,Gold Creek School Disc Golf Course,Gold Creek School Disc Golf Course,2024-10-02 0640,2024-10-02 0810,60,5,139,3,3,2,3,3,3,4,4,3,5,3,4,3,5,3,3,3,3
Jobby,Gold Creek School Disc Golf Course,Gold Creek School Disc Golf Course,2024-10-02 0640,2024-10-02 0810,61,6,135,3,3,3,3,4,3,3,4,2,4,3,5,4,4,3,4,3,3
Bucis,Gold Creek School Disc Golf Course,Gold Creek School Disc Golf Course,2024-10-02 0640,2024-10-02 0810,66,11,116,3,3,4,4,4,3,4,4,3,4,3,4,4,5,3,3,4,4
Bec,Gold Creek School Disc Golf Course,Gold Creek School Disc Golf Course,2024-10-02 0640,2024-10-02 0810,80,25,75,4,4,4,4,6,3,4,3,4,5,5,6,5,7,3,5,4,4
Par,Gold Creek School Disc Golf Course,Gold Creek School Disc Golf Course,2024-10-01 0641,2024-10-01 0751,55,,,3,3,3,3,3,3,3,3,3,3,3,3,3,4,3,3,3,3
ArmyGeddon,Gold Creek School Disc Golf Course,Gold Creek School Disc Golf Course,2024-10-01 0641,2024-10-01 0751,57,2,152,3,2,3,2,4,3,4,3,2,4,3,4,4,4,3,3,4,2
Bec,Gold Creek School Disc Golf Course,Gold Creek School Disc Golf Course,2024-10-01 0641,2024-10-01 0751,82,27,70,4,4,3,4,6,4,4,3,4,5,5,5,5,6,5,6,5,4
Par,Gold Creek School Disc Golf Course,1-9 Short layout,2024-09-30 0626,2024-09-30 0714,27,,,3,3,3,3,3,3,3,3,3,,,,,,,,,
ArmyGeddon,Gold Creek School Disc Golf Course,1-9 Short layout,2024-09-30 0626,2024-09-30 0714,25,-2,167,3,3,2,2,3,3,4,3,2,,,,,,,,,
Bec,Gold Creek School Disc Golf Course,1-9 Short layout,2024-09-30 0626,2024-09-30 0714,35,8,96,4,4,4,3,5,3,4,5,3,,,,,,,,,
Nathan,Gold Creek School Disc Golf Course,1-9 Short layout,2024-09-30 0626,2024-09-30 0714,37,10,85,4,5,5,4,5,3,4,4,3,,,,,,,,,
Par,John Knight Memorial Park,Public Layout (A-Pin Position),2024-09-28 2051,2024-09-28 2157,56,,,3,3,3,3,3,3,4,3,3,3,3,3,3,3,3,4,3,3
ArmyGeddon,John Knight Memorial Park,Public Layout (A-Pin Position),2024-09-28 2051,2024-09-28 2157,50,-6,183,3,3,3,2,3,2,3,3,2,2,3,3,3,3,2,4,3,3
Tayla,John Knight Memorial Park,Public Layout (A-Pin Position),2024-09-28 2051,2024-09-28 2157,79,23,77,4,3,5,4,4,3,5,3,6,4,5,3,3,5,5,8,5,4
Par,John Knight Memorial Park,Public Layout (A-Pin Position),2024-09-27 2147,2024-09-27 2337,56,,,3,3,3,3,3,3,4,3,3,3,3,3,3,3,3,4,3,3
ArmyGeddon,John Knight Memorial Park,Public Layout (A-Pin Position),2024-09-27 2147,2024-09-27 2337,53,-3,168,2,3,2,3,3,2,4,3,3,3,2,4,2,3,3,5,4,2
Bucis,John Knight Memorial Park,Public Layout (A-Pin Position),2024-09-27 2147,2024-09-27 2337,58,2,147,2,3,3,3,3,3,4,3,3,3,3,3,3,4,3,4,5,3
Miza,John Knight Memorial Park,Public Layout (A-Pin Position),2024-09-27 2147,2024-09-27 2337,59,3,142,4,3,3,3,3,3,5,3,3,3,3,3,3,3,2,4,5,3
Bec,John Knight Memorial Park,Public Layout (A-Pin Position),2024-09-27 2147,2024-09-27 2337,81,25,72,5,4,3,4,4,4,5,4,5,5,5,5,5,5,4,6,4,4
Tayla,John Knight Memorial Park,Public Layout (A-Pin Position),2024-09-27 2147,2024-09-27 2337,81,25,72,4,4,5,4,5,4,5,4,4,4,4,4,4,5,5,6,6,4
Par,Gold Creek School Disc Golf Course,Gold Creek School Disc Golf Course,2024-09-27 0540,2024-09-27 0712,55,,,3,3,3,3,3,3,3,3,3,3,3,3,3,4,3,3,3,3
ArmyGeddon,Gold Creek School Disc Golf Course,Gold Creek School Disc Golf Course,2024-09-27 0540,2024-09-27 0712,62,7,131,3,3,3,2,4,4,3,3,3,4,4,3,4,5,3,4,4,3
Bucis,Gold Creek School Disc Golf Course,Gold Creek School Disc Golf Course,2024-09-27 0540,2024-09-27 0712,66,11,116,4,3,4,3,5,3,3,4,3,5,4,5,4,4,3,3,3,3
Par,Gold Creek School Disc Golf Course,Gold Creek School Disc Golf Course,2024-09-24 0631,2024-09-24 0839,55,,,3,3,3,3,3,3,3,3,3,3,3,3,3,4,3,3,3,3
ArmyGeddon,Gold Creek School Disc Golf Course,Gold Creek School Disc Golf Course,2024-09-24 0631,2024-09-24 0839,61,6,135,3,3,3,3,3,4,5,2,3,5,4,3,4,3,3,3,4,3
Bucis,Gold Creek School Disc Golf Course,Gold Creek School Disc Golf Course,2024-09-24 0631,2024-09-24 0839,61,6,135,4,3,4,3,4,2,4,5,2,4,3,3,3,4,4,3,3,3
Bec,Gold Creek School Disc Golf Course,Gold Creek School Disc Golf Course,2024-09-24 0631,2024-09-24 0839,86,31,61,4,4,3,5,5,5,3,5,4,5,5,5,7,9,3,4,5,5
Par,Gold Creek School Disc Golf Course,Gold Creek School Disc Golf Course,2024-09-23 0621,2024-09-23 0741,55,,,3,3,3,3,3,3,3,3,3,3,3,3,3,4,3,3,3,3
ArmyGeddon,Gold Creek School Disc Golf Course,Gold Creek School Disc Golf Course,2024-09-23 0621,2024-09-23 0741,56,1,156,3,3,4,3,3,3,2,3,3,4,2,3,3,4,4,3,3,3
Bucis,Gold Creek School Disc Golf Course,Gold Creek School Disc Golf Course,2024-09-23 0621,2024-09-23 0741,60,5,139,3,3,3,3,5,2,3,3,3,4,3,3,4,5,3,3,4,3
Par,John Knight Memorial Park,Public Layout (A-Pin Position),2024-09-20 2058,2024-09-20 2217,56,,,3,3,3,3,3,3,4,3,3,3,3,3,3,3,3,4,3,3
ArmyGeddon,John Knight Memorial Park,Public Layout (A-Pin Position),2024-09-20 2058,2024-09-20 2217,54,-2,164,2,2,2,3,3,2,3,4,3,5,3,3,3,2,4,4,3,3
Jobby,John Knight Memorial Park,Public Layout (A-Pin Position),2024-09-20 2058,2024-09-20 2217,60,4,138,3,3,2,3,3,3,4,3,3,4,4,3,4,3,3,4,4,4
Bucis,John Knight Memorial Park,Public Layout (A-Pin Position),2024-09-20 2058,2024-09-20 2217,59,3,142,4,3,2,4,3,2,4,3,3,4,3,3,3,4,2,5,4,3
Miza,John Knight Memorial Park,Public Layout (A-Pin Position),2024-09-20 2058,2024-09-20 2217,59,3,142,2,3,3,3,4,3,4,3,3,2,3,4,3,4,3,5,4,3
Par,Gold Creek School Disc Golf Course,Gold Creek School Disc Golf Course,2024-09-20 0657,2024-09-20 0816,55,,,3,3,3,3,3,3,3,3,3,3,3,3,3,4,3,3,3,3
ArmyGeddon,Gold Creek School Disc Golf Course,Gold Creek School Disc Golf Course,2024-09-20 0657,2024-09-20 0816,60,5,139,3,3,3,5,4,3,4,3,3,3,3,3,3,5,3,3,3,3
Bucis,Gold Creek School Disc Golf Course,Gold Creek School Disc Golf Course,2024-09-20 0657,2024-09-20 0816,67,12,113,4,3,3,4,4,4,3,3,4,4,4,4,4,6,3,4,3,3
Par,Eddison Park,2019 Blue Tees,2024-09-14 2137,2024-09-14 2318,62,,,3,3,4,3,3,3,3,3,3,4,5,3,4,4,3,4,3,4
ArmyGeddon,Eddison Park,2019 Blue Tees,2024-09-14 2137,2024-09-14 2318,78,16,123,3,4,5,5,5,3,5,5,3,5,6,2,6,5,3,5,4,4
Jobby,Eddison Park,2019 Blue Tees,2024-09-14 2137,2024-09-14 2318,88,26,91,3,5,5,5,4,4,4,3,4,7,8,3,5,7,4,5,5,7
Bucis,Eddison Park,2019 Blue Tees,2024-09-14 2137,2024-09-14 2318,91,29,83,4,4,6,4,4,4,5,4,5,6,7,5,6,7,4,6,4,6
Par,John Knight Memorial Park,Public Layout (A-Pin Position),2024-09-13 2226,2024-09-13 2332,56,,,3,3,3,3,3,3,4,3,3,3,3,3,3,3,3,4,3,3
ArmyGeddon,John Knight Memorial Park,Public Layout (A-Pin Position),2024-09-13 2226,2024-09-13 2332,51,-5,178,3,3,2,2,4,2,4,3,3,3,3,2,3,3,2,3,3,3
Miza,John Knight Memorial Park,Public Layout (A-Pin Position),2024-09-13 2226,2024-09-13 2332,63,7,127,2,4,3,3,2,3,4,4,3,3,4,4,5,4,4,4,4,3
Par,John Knight Memorial Park,Public Layout (A-Pin Position),2024-09-13 2100,2024-09-13 2221,56,,,3,3,3,3,3,3,4,3,3,3,3,3,3,3,3,4,3,3
ArmyGeddon,John Knight Memorial Park,Public Layout (A-Pin Position),2024-09-13 2100,2024-09-13 2221,57,1,151,4,2,3,3,3,4,3,2,2,2,5,3,3,5,3,4,3,3
Jobby,John Knight Memorial Park,Public Layout (A-Pin Position),2024-09-13 2100,2024-09-13 2221,63,7,127,3,2,4,4,3,3,4,3,4,5,3,3,3,3,4,4,4,4
Miza,John Knight Memorial Park,Public Layout (A-Pin Position),2024-09-13 2100,2024-09-13 2221,61,5,134,3,2,2,3,3,3,3,3,3,3,5,4,4,4,4,6,3,3
Bucis,John Knight Memorial Park,Public Layout (A-Pin Position),2024-09-13 2100,2024-09-13 2221,63,7,127,3,3,3,3,3,3,4,3,3,4,3,3,3,4,4,6,4,4
Par,Gold Creek School Disc Golf Course,Gold Creek School Disc Golf Course,2024-09-12 0635,2024-09-12 0731,55,,,3,3,3,3,3,3,3,3,3,3,3,3,3,4,3,3,3,3
ArmyGeddon,Gold Creek School Disc Golf Course,Gold Creek School Disc Golf Course,2024-09-12 0635,2024-09-12 0731,56,1,156,3,3,2,3,4,3,3,3,3,4,2,4,4,3,2,3,4,3
Bucis,Gold Creek School Disc Golf Course,Gold Creek School Disc Golf Course,2024-09-12 0635,2024-09-12 0731,63,8,127,3,3,3,3,4,3,3,3,4,3,3,4,4,6,2,4,5,3
Par,John Knight Memorial Park,Public Layout (A-Pin Position),2024-09-08 0641,2024-09-08 0744,56,,,3,3,3,3,3,3,4,3,3,3,3,3,3,3,3,4,3,3
ArmyGeddon,John Knight Memorial Park,Public Layout (A-Pin Position),2024-09-08 0641,2024-09-08 0744,51,-5,178,2,2,3,2,3,2,3,3,2,3,3,3,4,3,3,4,3,3
Jobby,John Knight Memorial Park,Public Layout (A-Pin Position),2024-09-08 0641,2024-09-08 0744,56,0,155,3,3,3,3,2,3,4,4,3,3,3,3,3,3,3,4,3,3
Par,John Knight Memorial Park,Public Layout (A-Pin Position),2024-09-06 2105,2024-09-06 2227,56,,,3,3,3,3,3,3,4,3,3,3,3,3,3,3,3,4,3,3
ArmyGeddon,John Knight Memorial Park,Public Layout (A-Pin Position),2024-09-06 2105,2024-09-06 2227,56,0,155,3,3,3,3,3,2,3,3,3,3,3,3,3,3,4,4,3,4
Jobby,John Knight Memorial Park,Public Layout (A-Pin Position),2024-09-06 2105,2024-09-06 2227,58,2,147,3,2,3,3,2,3,6,3,4,3,3,3,3,3,2,4,5,3
Miza,John Knight Memorial Park,Public Layout (A-Pin Position),2024-09-06 2105,2024-09-06 2227,59,3,142,2,2,3,3,3,3,5,3,2,3,4,3,4,5,2,4,3,5
Bec,John Knight Memorial Park,Public Layout (A-Pin Position),2024-09-06 2105,2024-09-06 2227,91,35,51,5,5,4,5,5,5,7,6,4,6,5,6,4,4,5,6,5,4
Par,Gold Creek School Disc Golf Course,Gold Creek School Disc Golf Course,2024-09-06 0625,2024-09-06 0741,55,,,3,3,3,3,3,3,3,3,3,3,3,3,3,4,3,3,3,3
ArmyGeddon,Gold Creek School Disc Golf Course,Gold Creek School Disc Golf Course,2024-09-06 0625,2024-09-06 0741,58,3,147,3,3,3,3,4,2,5,3,3,3,3,3,3,4,3,3,4,3
Bucis,Gold Creek School Disc Golf Course,Gold Creek School Disc Golf Course,2024-09-06 0625,2024-09-06 0741,62,7,131,4,3,3,4,4,3,3,3,3,3,3,3,4,4,4,5,3,3
Chris Lee,Gold Creek School Disc Golf Course,Gold Creek School Disc Golf Course,2024-09-06 0625,2024-09-06 0741,64,9,124,3,4,3,3,4,4,4,3,3,4,3,4,3,5,4,4,3,3
Par,John Knight Memorial Park,Public Layout (A-Pin Position),2024-08-31 2059,2024-08-31 2202,56,,,3,3,3,3,3,3,4,3,3,3,3,3,3,3,3,4,3,3
ArmyGeddon,John Knight Memorial Park,Public Layout (A-Pin Position),2024-08-31 2059,2024-08-31 2202,54,-2,164,3,3,3,3,3,2,3,3,3,3,2,3,3,3,3,4,4,3
Jobby,John Knight Memorial Park,Public Layout (A-Pin Position),2024-08-31 2059,2024-08-31 2202,59,3,142,3,2,2,3,3,3,5,2,3,3,3,4,4,4,3,5,4,3
Miza,John Knight Memorial Park,Public Layout (A-Pin Position),2024-08-31 2059,2024-08-31 2202,59,3,142,3,3,3,3,3,3,5,3,3,4,3,3,3,4,3,4,3,3
Par,John Knight Memorial Park,Public Layout (A-Pin Position),2024-08-30 2109,2024-08-30 2242,56,,,3,3,3,3,3,3,4,3,3,3,3,3,3,3,3,4,3,3
ArmyGeddon,John Knight Memorial Park,Public Layout (A-Pin Position),2024-08-30 2109,2024-08-30 2242,59,3,142,2,2,4,3,3,6,3,2,3,3,3,3,3,4,2,5,5,3
Jobby,John Knight Memorial Park,Public Layout (A-Pin Position),2024-08-30 2109,2024-08-30 2242,62,6,131,3,3,3,3,3,3,5,3,3,3,4,3,4,3,4,4,5,3
Bucis,John Knight Memorial Park,Public Layout (A-Pin Position),2024-08-30 2109,2024-08-30 2242,62,6,131,3,3,4,3,3,3,4,3,2,4,3,4,3,4,4,4,4,4
Miza,John Knight Memorial Park,Public Layout (A-Pin Position),2024-08-30 2109,2024-08-30 2242,59,3,142,3,2,4,2,4,3,4,3,2,3,3,4,3,4,3,5,4,3
Bec,John Knight Memorial Park,Public Layout (A-Pin Position),2024-08-30 2109,2024-08-30 2242,94,38,46,5,3,5,4,5,6,8,4,5,5,5,4,5,6,5,7,6,6
Par,Gold Creek School Disc Golf Course,Gold Creek School Disc Golf Course,2024-08-30 0631,2024-08-30 0728,55,,,3,3,3,3,3,3,3,3,3,3,3,3,3,4,3,3,3,3
ArmyGeddon,Gold Creek School Disc Golf Course,Gold Creek School Disc Golf Course,2024-08-30 0631,2024-08-30 0728,61,6,135,4,3,2,3,4,3,3,2,3,5,4,4,3,5,3,3,3,4
Bucis,Gold Creek School Disc Golf Course,Gold Creek School Disc Golf Course,2024-08-30 0631,2024-08-30 0728,67,12,113,4,7,3,3,5,4,4,2,2,3,4,3,4,6,3,4,3,3
Par,Gold Creek School Disc Golf Course,Gold Creek School Disc Golf Course,2024-08-29 0618,2024-08-29 0716,55,,,3,3,3,3,3,3,3,3,3,3,3,3,3,4,3,3,3,3
ArmyGeddon,Gold Creek School Disc Golf Course,Gold Creek School Disc Golf Course,2024-08-29 0618,2024-08-29 0716,58,3,147,3,3,3,5,3,3,3,3,3,3,3,4,3,4,3,3,3,3
Chris Lee,Gold Creek School Disc Golf Course,Gold Creek School Disc Golf Course,2024-08-29 0618,2024-08-29 0716,63,8,127,4,4,5,4,3,3,3,3,2,4,3,4,4,5,3,3,3,3
Par,John Knight Memorial Park,Public Layout (A-Pin Position),2024-08-25 0424,2024-08-25 0524,56,,,3,3,3,3,3,3,4,3,3,3,3,3,3,3,3,4,3,3
ArmyGeddon,John Knight Memorial Park,Public Layout (A-Pin Position),2024-08-25 0424,2024-08-25 0524,56,0,155,2,3,4,3,3,3,4,3,3,2,2,4,3,3,3,4,4,3
Jobby,John Knight Memorial Park,Public Layout (A-Pin Position),2024-08-25 0424,2024-08-25 0524,62,6,131,3,3,3,3,3,4,6,3,4,3,3,3,3,4,3,4,4,3
Par,Eddison Park,2019 Blue Tees,2024-08-25 0151,2024-08-25 0329,62,,,3,3,4,3,3,3,3,3,3,4,5,3,4,4,3,4,3,4
ArmyGeddon,Eddison Park,2019 Blue Tees,2024-08-25 0151,2024-08-25 0329,69,7,158,3,3,4,3,3,3,4,3,4,4,6,3,5,5,3,5,3,5
Jobby,Eddison Park,2019 Blue Tees,2024-08-25 0151,2024-08-25 0329,81,19,113,4,4,6,4,4,3,3,4,4,5,6,3,4,5,3,7,6,6
Par,John Knight Memorial Park,Public Layout (A-Pin Position),2024-08-23 2104,2024-08-23 2229,56,,,3,3,3,3,3,3,4,3,3,3,3,3,3,3,3,4,3,3
ArmyGeddon,John Knight Memorial Park,Public Layout (A-Pin Position),2024-08-23 2104,2024-08-23 2229,58,2,147,3,3,3,3,2,4,3,3,3,3,4,3,4,3,3,4,4,3
Jobby,John Knight Memorial Park,Public Layout (A-Pin Position),2024-08-23 2104,2024-08-23 2229,61,5,134,3,2,3,3,2,4,4,3,3,3,4,3,4,3,4,4,4,5
Bucis,John Knight Memorial Park,Public Layout (A-Pin Position),2024-08-23 2104,2024-08-23 2229,67,11,112,4,3,3,3,3,4,5,4,4,3,3,3,4,4,4,5,4,4
Miza,John Knight Memorial Park,Public Layout (A-Pin Position),2024-08-23 2104,2024-08-23 2229,56,0,155,3,2,3,2,3,3,4,3,3,3,3,3,3,4,3,5,3,3
Par,Gold Creek School Disc Golf Course,Gold Creek School Disc Golf Course,2024-08-23 0652,2024-08-23 0813,55,,,3,3,3,3,3,3,3,3,3,3,3,3,3,4,3,3,3,3
ArmyGeddon,Gold Creek School Disc Golf Course,Gold Creek School Disc Golf Course,2024-08-23 0652,2024-08-23 0813,61,6,135,3,3,3,3,3,3,3,2,3,4,3,4,5,5,3,4,4,3
Bucis,Gold Creek School Disc Golf Course,Gold Creek School Disc Golf Course,2024-08-23 0652,2024-08-23 0813,68,13,110,3,3,4,3,3,4,4,3,3,5,5,4,4,5,4,4,4,3
Chris Lee,Gold Creek School Disc Golf Course,Gold Creek School Disc Golf Course,2024-08-23 0652,2024-08-23 0813,70,15,103,3,3,4,4,5,3,4,3,3,4,4,4,5,5,3,4,5,4
Par,Gold Creek School Disc Golf Course,Gold Creek School Disc Golf Course,2024-08-21 0640,2024-08-21 0744,55,,,3,3,3,3,3,3,3,3,3,3,3,3,3,4,3,3,3,3
ArmyGeddon,Gold Creek School Disc Golf Course,Gold Creek School Disc Golf Course,2024-08-21 0640,2024-08-21 0744,61,6,135,3,4,3,3,4,2,3,3,4,4,3,4,5,4,3,3,3,3
Bucis,Gold Creek School Disc Golf Course,Gold Creek School Disc Golf Course,2024-08-21 0640,2024-08-21 0744,68,13,110,4,4,4,4,5,5,3,2,2,3,4,4,4,6,3,5,3,3
Par,Gold Creek School Disc Golf Course,Gold Creek School Disc Golf Course,2024-08-19 0638,2024-08-19 0749,55,,,3,3,3,3,3,3,3,3,3,3,3,3,3,4,3,3,3,3
ArmyGeddon,Gold Creek School Disc Golf Course,Gold Creek School Disc Golf Course,2024-08-19 0638,2024-08-19 0749,60,5,139,2,2,3,3,4,3,3,3,3,5,3,5,3,4,3,3,5,3
Bucis,Gold Creek School Disc Golf Course,Gold Creek School Disc Golf Course,2024-08-19 0638,2024-08-19 0749,68,13,109,5,4,3,4,4,4,4,3,3,4,4,3,4,5,3,4,4,3
Par,Gold Creek School Disc Golf Course,Gold Creek School Disc Golf Course,2024-08-18 0610,2024-08-18 0701,55,,,3,3,3,3,3,3,3,3,3,3,3,3,3,4,3,3,3,3
ArmyGeddon,Gold Creek School Disc Golf Course,Gold Creek School Disc Golf Course,2024-08-18 0610,2024-08-18 0701,54,-1,165,3,4,4,3,3,3,3,2,2,4,3,3,3,4,2,3,2,3
Bucis,Gold Creek School Disc Golf Course,Gold Creek School Disc Golf Course,2024-08-18 0610,2024-08-18 0701,67,12,113,3,4,5,3,4,3,4,3,3,5,3,4,6,5,3,4,3,2
Par,John Knight Memorial Park,Public Layout (A-Pin Position),2024-08-17 2120,2024-08-17 2227,56,,,3,3,3,3,3,3,4,3,3,3,3,3,3,3,3,4,3,3
ArmyGeddon,John Knight Memorial Park,Public Layout (A-Pin Position),2024-08-17 2120,2024-08-17 2227,57,1,149,2,3,3,2,3,2,4,3,3,3,3,4,4,4,3,4,4,3
Jobby,John Knight Memorial Park,Public Layout (A-Pin Position),2024-08-17 2120,2024-08-17 2227,58,2,145,4,2,3,3,3,2,3,3,3,3,3,3,5,4,2,4,4,4
Par,John Knight Memorial Park,Public Layout (A-Pin Position),2024-08-16 2105,2024-08-16 2224,56,,,3,3,3,3,3,3,4,3,3,3,3,3,3,3,3,4,3,3
ArmyGeddon,John Knight Memorial Park,Public Layout (A-Pin Position),2024-08-16 2105,2024-08-16 2224,57,1,149,3,2,4,2,3,3,4,3,2,3,4,4,3,4,3,4,3,3
Jobby,John Knight Memorial Park,Public Layout (A-Pin Position),2024-08-16 2105,2024-08-16 2224,64,8,122,3,3,3,3,3,3,4,3,3,3,4,4,4,5,3,5,3,5
Miza,John Knight Memorial Park,Public Layout (A-Pin Position),2024-08-16 2105,2024-08-16 2224,62,6,129,3,3,3,4,3,3,5,3,3,3,4,4,3,4,3,4,4,3
Bucis,John Knight Memorial Park,Public Layout (A-Pin Position),2024-08-16 2105,2024-08-16 2224,67,11,111,4,4,3,3,5,3,4,3,3,3,3,3,4,4,3,5,5,5
Par,Gold Creek School Disc Golf Course,Gold Creek School Disc Golf Course,2024-08-15 0643,2024-08-15 0738,55,,,3,3,3,3,3,3,3,3,3,3,3,3,3,4,3,3,3,3
ArmyGeddon,Gold Creek School Disc Golf Course,Gold Creek School Disc Golf Course,2024-08-15 0643,2024-08-15 0738,60,5,132,4,4,3,3,4,3,3,3,2,4,3,5,3,4,3,3,3,3
Bucis,Gold Creek School Disc Golf Course,Gold Creek School Disc Golf Course,2024-08-15 0643,2024-08-15 0738,70,15,90,3,5,3,3,5,4,3,3,3,5,6,4,4,5,3,5,3,3
Par,Gold Creek School Disc Golf Course,Gold Creek School Disc Golf Course,2024-08-14 0631,2024-08-14 0731,55,,,3,3,3,3,3,3,3,3,3,3,3,3,3,4,3,3,3,3
ArmyGeddon,Gold Creek School Disc Golf Course,Gold Creek School Disc Golf Course,2024-08-14 0631,2024-08-14 0731,59,4,137,3,3,3,4,4,3,3,4,3,4,3,4,3,4,2,3,3,3
Bucis,Gold Creek School Disc Golf Course,Gold Creek School Disc Golf Course,2024-08-14 0631,2024-08-14 0731,66,11,105,4,4,3,3,4,3,4,2,3,5,4,4,4,5,3,4,3,4
Par,John Knight Memorial Park,Public Layout (A-Pin Position),2024-08-10 2133,2024-08-10 2241,56,,,3,3,3,3,3,3,4,3,3,3,3,3,3,3,3,4,3,3
ArmyGeddon,John Knight Memorial Park,Public Layout (A-Pin Position),2024-08-10 2133,2024-08-10 2241,62,6,121,3,4,3,2,3,3,4,3,3,4,3,3,4,3,3,5,4,5
Jobby,John Knight Memorial Park,Public Layout (A-Pin Position),2024-08-10 2133,2024-08-10 2241,59,3,134,3,2,3,2,3,2,4,3,2,4,3,3,4,5,3,5,5,3
Par,John Knight Memorial Park,Public Layout (A-Pin Position),2024-08-09 2107,2024-08-09 2222,56,,,3,3,3,3,3,3,4,3,3,3,3,3,3,3,3,4,3,3
ArmyGeddon,John Knight Memorial Park,Public Layout (A-Pin Position),2024-08-09 2107,2024-08-09 2222,54,-2,164,2,2,3,3,2,3,3,3,3,3,3,3,4,4,3,4,3,3
Jobby,John Knight Memorial Park,Public Layout (A-Pin Position),2024-08-09 2107,2024-08-09 2222,62,6,124,4,3,3,2,3,2,4,3,4,3,3,4,3,3,5,4,5,4
Miza,John Knight Memorial Park,Public Layout (A-Pin Position),2024-08-09 2107,2024-08-09 2222,66,10,108,3,3,4,3,4,3,5,3,3,3,3,4,4,4,3,6,4,4
Par,Gold Creek School Disc Golf Course,Gold Creek School Disc Golf Course,2024-08-09 0623,2024-08-09 0734,55,,,3,3,3,3,3,3,3,3,3,3,3,3,3,4,3,3,3,3
ArmyGeddon,Gold Creek School Disc Golf Course,Gold Creek School Disc Golf Course,2024-08-09 0623,2024-08-09 0734,56,1,153,3,3,3,3,3,3,3,2,3,4,3,4,3,4,3,3,3,3
Bucis,Gold Creek School Disc Golf Course,Gold Creek School Disc Golf Course,2024-08-09 0623,2024-08-09 0734,73,18,79,4,4,4,4,5,3,4,3,4,4,4,5,4,7,4,4,3,3
Par,Gold Creek School Disc Golf Course,Gold Creek School Disc Golf Course,2024-08-08 0654,2024-08-08 0756,55,,,3,3,3,3,3,3,3,3,3,3,3,3,3,4,3,3,3,3
ArmyGeddon,Gold Creek School Disc Golf Course,Gold Creek School Disc Golf Course,2024-08-08 0654,2024-08-08 0756,27,0,150,3,3,3,3,4,3,3,2,3,0,0,0,0,0,0,0,0,0
Par,Gold Creek School Disc Golf Course,Gold Creek School Disc Golf Course,2024-08-06 0623,2024-08-06 0652,55,,,3,3,3,3,3,3,3,3,3,3,3,3,3,4,3,3,3,3
ArmyGeddon,Gold Creek School Disc Golf Course,Gold Creek School Disc Golf Course,2024-08-06 0623,2024-08-06 0652,30,3,128,3,4,3,4,5,3,3,3,2,0,0,0,0,0,0,0,0,0
Par,Eddison Park,2019 Blue Tees,2024-08-03 2214,2024-08-04 0005,62,,,3,3,4,3,3,3,3,3,3,4,5,3,4,4,3,4,3,4
ArmyGeddon,Eddison Park,2019 Blue Tees,2024-08-03 2214,2024-08-04 0005,81,19,114,4,3,6,4,4,3,4,5,4,5,7,3,4,5,4,6,4,6
Jobby,Eddison Park,2019 Blue Tees,2024-08-03 2214,2024-08-04 0005,86,24,98,4,4,7,4,4,5,4,5,4,5,7,3,6,5,4,6,4,5
Par,John Knight Memorial Park,Public Layout (A-Pin Position),2024-08-02 2111,2024-08-02 2221,56,,,3,3,3,3,3,3,4,3,3,3,3,3,3,3,3,4,3,3
ArmyGeddon,John Knight Memorial Park,Public Layout (A-Pin Position),2024-08-02 2111,2024-08-02 2221,59,3,134,3,3,3,2,4,3,4,3,3,3,4,4,3,2,3,5,4,3
Jobby,John Knight Memorial Park,Public Layout (A-Pin Position),2024-08-02 2111,2024-08-02 2221,62,6,121,3,3,3,3,3,2,4,3,3,3,4,4,3,4,3,5,5,4
Miza,John Knight Memorial Park,Public Layout (A-Pin Position),2024-08-02 2111,2024-08-02 2221,68,12,96,4,3,5,3,3,3,6,3,3,4,4,4,3,3,4,5,4,4
Par,John Knight Memorial Park,Public Layout (A-Pin Position),2024-07-27 2113,2024-07-27 2217,56,,,3,3,3,3,3,3,4,3,3,3,3,3,3,3,3,4,3,3
ArmyGeddon,John Knight Memorial Park,Public Layout (A-Pin Position),2024-07-27 2113,2024-07-27 2217,58,2,143,3,3,3,4,3,2,4,4,3,3,2,3,3,3,3,5,4,3
Jobby,John Knight Memorial Park,Public Layout (A-Pin Position),2024-07-27 2113,2024-07-27 2217,59,3,138,3,2,3,3,3,2,4,3,3,3,4,4,5,3,3,4,4,3
Par,John Knight Memorial Park,Public Layout (A-Pin Position),2024-07-26 2117,2024-07-26 2237,56,,,3,3,3,3,3,3,4,3,3,3,3,3,3,3,3,4,3,3
ArmyGeddon,John Knight Memorial Park,Public Layout (A-Pin Position),2024-07-26 2117,2024-07-26 2237,61,5,129,3,3,3,2,3,2,6,3,3,4,3,4,4,4,3,5,3,3
Jobby,John Knight Memorial Park,Public Layout (A-Pin Position),2024-07-26 2117,2024-07-26 2237,62,6,124,3,2,3,4,4,3,4,3,3,4,3,4,3,3,3,5,4,4
Miza,John Knight Memorial Park,Public Layout (A-Pin Position),2024-07-26 2117,2024-07-26 2237,68,12,100,4,3,3,4,4,3,4,3,4,4,4,4,4,4,3,6,4,3
Par,Eddison Park,2019 Blue Tees,2024-07-20 2240,2024-07-21 0022,62,,,3,3,4,3,3,3,3,3,3,4,5,3,4,4,3,4,3,4
ArmyGeddon,Eddison Park,2019 Blue Tees,2024-07-20 2240,2024-07-21 0022,80,18,117,4,3,5,4,3,4,3,3,3,5,8,3,6,6,3,6,5,6
Jobby,Eddison Park,2019 Blue Tees,2024-07-20 2240,2024-07-21 0022,82,20,110,3,4,5,3,4,4,4,4,4,6,6,4,6,5,4,6,4,6
Par,John Knight Memorial Park,Public Layout (A-Pin Position),2024-07-13 2108,2024-07-13 2224,56,,,3,3,3,3,3,3,4,3,3,3,3,3,3,3,3,4,3,3
ArmyGeddon,John Knight Memorial Park,Public Layout (A-Pin Position),2024-07-13 2108,2024-07-13 2224,61,5,127,3,3,4,3,3,2,4,3,3,3,3,3,4,4,3,6,4,3
Jobby,John Knight Memorial Park,Public Layout (A-Pin Position),2024-07-13 2108,2024-07-13 2224,69,13,94,3,3,3,3,4,3,4,4,3,4,3,3,4,7,3,5,6,4
Par,John Knight Memorial Park,Public Layout (A-Pin Position),2024-07-12 2127,2024-07-12 2242,56,,,3,3,3,3,3,3,4,3,3,3,3,3,3,3,3,4,3,3
ArmyGeddon,John Knight Memorial Park,Public Layout (A-Pin Position),2024-07-12 2127,2024-07-12 2242,57,1,146,3,3,3,3,2,2,4,3,3,3,3,3,3,4,4,4,4,3
Jobby,John Knight Memorial Park,Public Layout (A-Pin Position),2024-07-12 2127,2024-07-12 2242,64,8,114,3,3,3,3,3,4,5,3,3,3,3,3,4,4,3,5,6,3
Par,Gold Creek School Disc Golf Course,Gold Creek School Disc Golf Course,2024-07-11 0615,2024-07-11 0641,55,,,3,3,3,3,3,3,3,3,3,3,3,3,3,4,3,3,3,3
ArmyGeddon,Gold Creek School Disc Golf Course,Gold Creek School Disc Golf Course,2024-07-11 0615,2024-07-11 0641,29,2,135,3,3,3,3,4,4,3,4,2,0,0,0,0,0,0,0,0,0
Par,Eddison Park,2019 Blue Tees,2024-07-05 2313,2024-07-06 0045,62,,,3,3,4,3,3,3,3,3,3,4,5,3,4,4,3,4,3,4
ArmyGeddon,Eddison Park,2019 Blue Tees,2024-07-05 2313,2024-07-06 0045,76,14,132,3,4,5,3,4,4,4,3,3,5,6,4,6,5,3,5,3,6
Jobby,Eddison Park,2019 Blue Tees,2024-07-05 2313,2024-07-06 0045,80,18,117,3,3,6,4,4,3,3,4,3,4,6,3,6,7,5,5,4,7
Par,John Knight Memorial Park,Public Layout (A-Pin Position),2024-06-21 2115,2024-06-21 2218,56,,,3,3,3,3,3,3,4,3,3,3,3,3,3,3,3,4,3,3
ArmyGeddon,John Knight Memorial Park,Public Layout (A-Pin Position),2024-06-21 2115,2024-06-21 2218,61,5,130,3,3,3,3,3,3,5,3,3,3,3,3,3,3,3,5,5,4
Jobby,John Knight Memorial Park,Public Layout (A-Pin Position),2024-06-21 2115,2024-06-21 2218,66,10,108,4,2,3,4,3,4,5,4,3,3,2,3,4,4,4,6,5,3
Par,John Knight Memorial Park,Public Layout (A-Pin Position),2024-06-10 0331,2024-06-10 0433,56,,,3,3,3,3,3,3,4,3,3,3,3,3,3,3,3,4,3,3
ArmyGeddon,John Knight Memorial Park,Public Layout (A-Pin Position),2024-06-10 0331,2024-06-10 0433,63,7,121,2,3,3,3,3,3,4,3,3,3,4,5,4,4,4,5,4,3
Jobby,John Knight Memorial Park,Public Layout (A-Pin Position),2024-06-10 0331,2024-06-10 0433,57,1,150,3,3,2,3,3,2,4,3,3,3,3,3,3,4,3,4,4,4
Par,John Knight Memorial Park,Public Layout (A-Pin Position),2024-05-26 2245,2024-05-27 1148,56,,,3,3,3,3,3,3,4,3,3,3,3,3,3,3,3,4,3,3
ArmyGeddon,John Knight Memorial Park,Public Layout (A-Pin Position),2024-05-26 2245,2024-05-27 1148,60,4,135,3,3,3,3,3,3,3,3,2,3,3,3,4,3,3,5,4,6
Jobby,John Knight Memorial Park,Public Layout (A-Pin Position),2024-05-26 2245,2024-05-27 1148,55,-1,160,3,3,3,3,3,3,3,3,2,4,3,3,3,3,3,4,3,3
Par,John Knight Memorial Park,Public Layout (A-Pin Position),2024-05-24 2058,2024-05-24 2207,56,,,3,3,3,3,3,3,4,3,3,3,3,3,3,3,3,4,3,3
ArmyGeddon,John Knight Memorial Park,Public Layout (A-Pin Position),2024-05-24 2058,2024-05-24 2207,60,4,135,3,2,3,3,3,4,5,3,2,3,4,3,3,3,3,5,5,3
Jobby,John Knight Memorial Park,Public Layout (A-Pin Position),2024-05-24 2058,2024-05-24 2207,59,3,140,4,3,2,3,4,3,5,2,3,3,3,3,3,4,2,4,5,3
Par,Eddison Park,2019 Blue Tees,2024-04-24 2143,2024-04-24 2345,62,,,3,3,4,3,3,3,3,3,3,4,5,3,4,4,3,4,3,4
ArmyGeddon,Eddison Park,2019 Blue Tees,2024-04-24 2143,2024-04-24 2345,82,20,110,4,3,5,5,3,4,3,4,4,5,8,4,5,5,5,6,3,6
Jobby,Eddison Park,2019 Blue Tees,2024-04-24 2143,2024-04-24 2345,80,18,117,4,4,5,4,3,4,4,3,3,6,7,3,6,5,3,6,3,7
Par,John Knight Memorial Park,Public Layout (A-Pin Position),2024-04-21 0001,2024-04-21 0105,56,,,3,3,3,3,3,3,4,3,3,3,3,3,3,3,3,4,3,3
ArmyGeddon,John Knight Memorial Park,Public Layout (A-Pin Position),2024-04-21 0001,2024-04-21 0105,62,6,126,3,3,3,2,4,3,4,3,3,3,5,3,4,3,3,5,5,3
Jobby,John Knight Memorial Park,Public Layout (A-Pin Position),2024-04-21 0001,2024-04-21 0105,60,4,135,4,3,3,3,3,3,5,3,3,3,3,3,3,3,3,5,4,3
Par,John Knight Memorial Park,Public Layout (A-Pin Position),2024-04-19 2121,2024-04-19 2230,56,,,3,3,3,3,3,3,4,3,3,3,3,3,3,3,3,4,3,3
ArmyGeddon,John Knight Memorial Park,Public Layout (A-Pin Position),2024-04-19 2121,2024-04-19 2230,63,7,121,3,3,3,3,4,3,5,4,4,3,3,3,3,4,3,4,5,3
Jobby,John Knight Memorial Park,Public Layout (A-Pin Position),2024-04-19 2121,2024-04-19 2230,58,2,145,3,2,4,3,2,4,5,3,3,3,3,3,3,3,2,4,5,3
Par,John Knight Memorial Park,Public Layout (B-Pin Position),2024-04-06 2219,2024-04-06 2333,56,,,3,3,3,3,3,3,4,3,3,3,3,3,3,3,3,4,3,3
ArmyGeddon,John Knight Memorial Park,Public Layout (B-Pin Position),2024-04-06 2219,2024-04-06 2333,65,9,114,3,2,3,4,3,3,4,2,3,4,3,3,4,6,5,6,4,3
Jobby,John Knight Memorial Park,Public Layout (B-Pin Position),2024-04-06 2219,2024-04-06 2333,64,8,118,3,3,3,3,4,3,5,3,3,3,4,3,4,4,4,4,3,5
Par,John Knight Memorial Park,Public Layout (B-Pin Position),2024-03-16 2021,2024-03-16 2131,56,,,3,3,3,3,3,3,4,3,3,3,3,3,3,3,3,4,3,3
ArmyGeddon,John Knight Memorial Park,Public Layout (B-Pin Position),2024-03-16 2021,2024-03-16 2131,62,6,125,4,2,4,2,3,2,4,3,3,4,4,3,4,4,3,6,4,3
Jobby,John Knight Memorial Park,Public Layout (B-Pin Position),2024-03-16 2021,2024-03-16 2131,59,3,140,2,3,3,3,4,3,4,2,3,3,3,3,4,3,4,5,4,3
Par,John Knight Memorial Park,Public Layout (B-Pin Position),2024-03-08 2005,2024-03-08 2109,56,,,3,3,3,3,3,3,4,3,3,3,3,3,3,3,3,4,3,3
ArmyGeddon,John Knight Memorial Park,Public Layout (B-Pin Position),2024-03-08 2005,2024-03-08 2109,67,11,,3,3,3,2,4,3,5,3,3,3,6,3,5,5,3,5,5,3
Jobby,John Knight Memorial Park,Public Layout (B-Pin Position),2024-03-08 2005,2024-03-08 2109,60,4,,3,3,4,2,3,3,4,3,4,4,4,3,4,3,3,4,3,3
Par,John Knight Memorial Park,Public Layout (B-Pin Position),2024-03-01 2000,2024-03-01 2102,56,,,3,3,3,3,3,3,4,3,3,3,3,3,3,3,3,4,3,3
ArmyGeddon,John Knight Memorial Park,Public Layout (B-Pin Position),2024-03-01 2000,2024-03-01 2102,60,4,134,4,3,3,2,3,4,4,2,3,3,3,4,4,5,2,4,3,4
Jobby,John Knight Memorial Park,Public Layout (B-Pin Position),2024-03-01 2000,2024-03-01 2102,71,15,89,3,3,3,3,4,3,6,3,4,3,6,4,4,5,4,5,5,3
Par,John Knight Memorial Park,Public Layout (B-Pin Position),2024-02-17 2043,2024-02-17 2140,56,,,3,3,3,3,3,3,4,3,3,3,3,3,3,3,3,4,3,3
ArmyGeddon,John Knight Memorial Park,Public Layout (B-Pin Position),2024-02-17 2043,2024-02-17 2140,67,11,103,3,3,3,4,4,3,4,3,4,4,5,3,3,5,3,5,3,5
Jobby,John Knight Memorial Park,Public Layout (B-Pin Position),2024-02-17 2043,2024-02-17 2140,66,10,107,3,3,3,3,4,4,5,2,3,4,4,4,5,4,3,4,5,3
